mp,fg,fga,fg_pct,fg3,fg3a,fg3_pct,ft,fta,ft_pct,orb,drb,trb,ast,stl,blk,tov,pf,pts,quarter,team
240,42,80,.525,19,42,.452,10,20,.500,8,37,45,30,13,7,24,17,113,game,nop
60,10,24,.417,1,8,.125,2,8,.250,4,8,12,9,5,2,6,5,23,q1,nop
60,9,17,.529,7,14,.500,2,4,.500,1,9,10,7,2,1,8,6,27,q2,nop
120,19,41,.463,8,22,.364,4,12,.333,5,17,22,16,7,3,14,11,50,first_half,nop
60,14,20,.700,7,8,.875,3,4,.750,2,12,14,6,1,1,4,1,38,q3,nop
60,9,19,.474,4,12,.333,3,4,.750,1,8,9,8,5,3,6,5,25,q4,nop
120,23,39,.590,11,20,.550,6,8,.750,3,20,23,14,6,4,10,6,63,second_half,nop
240,38,89,.427,14,46,.304,9,12,.750,7,28,35,26,10,5,20,22,99,game,tor
60,10,21,.476,3,10,.300,3,4,.750,1,12,13,6,3,2,7,7,26,q1,tor
60,11,24,.458,8,14,.571,1,2,.500,2,5,7,9,2,1,5,6,31,q2,tor
120,21,45,.467,11,24,.458,4,6,.667,3,17,20,15,5,3,12,13,57,first_half,tor
60,11,25,.440,0,10,.000,0,0,,1,5,6,7,1,1,1,3,22,q3,tor
60,6,19,.316,3,12,.250,5,6,.833,3,6,9,4,4,1,7,6,20,q4,tor
120,17,44,.386,3,22,.136,5,6,.833,4,11,15,11,5,2,8,9,42,second_half,tor
240,32,88,.364,3,36,.083,16,20,.800,9,39,48,21,6,3,15,21,83,game,nyk
60,7,24,.292,2,8,.250,2,2,1.000,4,12,16,5,1,0,5,6,18,q1,nyk
60,9,23,.391,0,12,.000,6,6,1.000,4,9,13,5,1,1,3,4,24,q2,nyk
120,16,47,.340,2,20,.100,8,8,1.000,8,21,29,10,2,1,8,10,42,first_half,nyk
60,11,23,.478,0,6,.000,0,1,.000,1,10,11,8,2,2,4,6,22,q3,nyk
60,5,18,.278,1,10,.100,8,11,.727,0,8,8,3,2,0,3,5,19,q4,nyk
120,16,41,.390,1,16,.062,8,12,.667,1,18,19,11,4,2,7,11,41,second_half,nyk
240,34,83,.410,17,52,.327,15,21,.714,9,44,53,21,7,6,16,22,100,game,tor
60,7,20,.350,4,13,.308,4,7,.571,2,11,13,6,3,0,5,4,22,q1,tor
60,8,22,.364,3,14,.214,1,2,.500,4,7,11,3,0,1,3,7,20,q2,tor
120,15,42,.357,7,27,.259,5,9,.556,6,18,24,9,3,1,8,11,42,first_half,tor
60,9,22,.409,6,15,.400,5,5,1.000,2,12,14,7,2,3,4,3,29,q3,tor
60,10,19,.526,4,10,.400,5,7,.714,1,14,15,5,2,2,4,8,29,q4,tor
120,19,41,.463,10,25,.400,10,12,.833,3,26,29,12,4,5,8,11,58,second_half,tor
240,41,84,.488,15,29,.517,29,34,.853,12,44,56,19,3,9,19,29,126,game,bos
60,8,18,.444,4,6,.667,3,3,1.000,1,11,12,4,1,2,6,7,23,q1,bos
60,11,21,.524,6,12,.500,10,13,.769,3,15,18,5,1,4,4,5,38,q2,bos
120,19,39,.487,10,18,.556,13,16,.812,4,26,30,9,2,6,10,12,61,first_half,bos
60,14,25,.560,3,7,.429,8,10,.800,3,8,11,6,0,1,2,10,39,q3,bos
60,8,20,.400,2,4,.500,8,8,1.000,5,10,15,4,1,2,7,7,26,q4,bos
120,22,45,.489,5,11,.455,16,18,.889,8,18,26,10,1,3,9,17,65,second_half,bos
240,36,90,.400,13,37,.351,29,38,.763,8,29,37,20,13,4,10,26,114,game,tor
60,10,20,.500,7,14,.500,5,11,.455,1,9,10,7,5,0,1,3,32,q1,tor
60,5,24,.208,0,6,.000,4,4,1.000,3,4,7,2,3,1,4,10,14,q2,tor
120,15,44,.341,7,20,.350,9,15,.600,4,13,17,9,8,1,5,13,46,first_half,tor
60,10,21,.476,2,6,.333,13,15,.867,1,9,10,5,1,2,4,9,35,q3,tor
60,11,25,.440,4,11,.364,7,8,.875,3,7,10,6,4,1,1,4,33,q4,tor
120,21,46,.457,6,17,.353,20,23,.870,4,16,20,11,5,3,5,13,68,second_half,tor
240,46,90,.511,14,35,.400,15,18,.833,11,41,52,19,4,6,16,20,121,game,mil
60,14,24,.583,5,13,.385,1,1,1.000,1,12,13,10,1,0,4,3,34,q1,mil
60,10,21,.476,2,6,.333,3,3,1.000,2,11,13,3,2,2,5,6,25,q2,mil
120,24,45,.533,7,19,.368,4,4,1.000,3,23,26,13,3,2,9,9,59,first_half,mil
60,9,22,.409,2,5,.400,5,7,.714,5,8,13,1,0,2,6,7,25,q3,mil
60,13,23,.565,5,11,.455,6,7,.857,3,10,13,5,1,2,1,4,37,q4,mil
120,22,45,.489,7,16,.438,11,14,.786,8,18,26,6,1,4,7,11,62,second_half,mil
240,48,101,.475,18,40,.450,8,11,.727,10,27,37,23,8,6,6,17,122,game,bos
60,11,27,.407,7,15,.467,2,2,1.000,3,8,11,9,2,0,1,2,31,q1,bos
60,13,26,.500,5,10,.500,2,4,.500,3,8,11,6,3,1,2,2,33,q2,bos
120,24,53,.453,12,25,.480,4,6,.667,6,16,22,15,5,1,3,4,64,first_half,bos
60,14,23,.609,5,9,.556,4,5,.800,1,6,7,8,3,4,1,6,37,q3,bos
60,10,25,.400,1,6,.167,0,0,,3,5,8,0,0,1,2,7,21,q4,bos
120,24,48,.500,6,15,.400,4,5,.800,4,11,15,8,3,5,3,13,58,second_half,bos
240,41,76,.539,15,29,.517,26,31,.839,9,34,43,21,5,10,15,22,123,game,brk
60,9,22,.409,3,8,.375,5,6,.833,3,7,10,6,1,3,2,5,26,q1,brk
60,7,16,.438,3,9,.333,8,11,.727,3,7,10,4,4,3,10,5,25,q2,brk
120,16,38,.421,6,17,.353,13,17,.765,6,14,20,10,5,6,12,10,51,first_half,brk
60,13,18,.722,4,5,.800,5,6,.833,1,9,10,5,0,1,1,8,35,q3,brk
60,12,20,.600,5,7,.714,8,8,1.000,2,11,13,6,0,3,2,4,37,q4,brk
120,25,38,.658,9,12,.750,13,14,.929,3,20,23,11,0,4,3,12,72,second_half,brk
240,37,98,.378,8,27,.296,13,19,.684,20,27,47,23,6,5,15,27,95,game,bos
60,8,26,.308,3,8,.375,3,4,.750,7,10,17,6,0,4,5,7,22,q1,bos
60,14,26,.538,3,9,.333,1,3,.333,5,6,11,7,5,0,5,9,32,q2,bos
120,22,52,.423,6,17,.353,4,7,.571,12,16,28,13,5,4,10,16,54,first_half,bos
60,8,22,.364,1,5,.200,6,8,.750,4,5,9,6,0,0,1,5,23,q3,bos
60,7,24,.292,1,5,.200,3,4,.750,4,6,10,4,1,1,4,6,18,q4,bos
120,15,46,.326,2,10,.200,9,12,.750,8,11,19,10,1,1,5,11,41,second_half,bos
240,40,93,.430,9,33,.273,18,25,.720,14,32,46,26,8,3,22,13,107,game,mem
60,8,18,.444,1,8,.125,2,4,.500,3,9,12,6,1,3,8,2,19,q1,mem
60,8,25,.320,1,11,.091,4,4,1.000,2,9,11,5,2,0,5,2,21,q2,mem
120,16,43,.372,2,19,.105,6,8,.750,5,18,23,11,3,3,13,4,40,first_half,mem
60,11,24,.458,2,4,.500,7,9,.778,4,7,11,5,3,0,6,7,31,q3,mem
60,13,26,.500,5,10,.500,5,8,.625,5,7,12,10,2,0,3,2,36,q4,mem
120,24,50,.480,7,14,.500,12,17,.706,9,14,23,15,5,0,9,9,67,second_half,mem
240,49,91,.538,16,39,.410,12,14,.857,10,32,42,27,17,11,16,21,126,game,bos
60,12,24,.500,4,6,.667,3,4,.750,4,8,12,5,7,0,4,4,31,q1,bos
60,14,25,.560,7,14,.500,0,0,,1,10,11,7,4,2,3,5,35,q2,bos
120,26,49,.531,11,20,.550,3,4,.750,5,18,23,12,11,2,7,9,66,first_half,bos
60,11,20,.550,3,11,.273,5,6,.833,2,6,8,9,4,4,6,7,30,q3,bos
60,12,22,.545,2,8,.250,4,4,1.000,3,8,11,6,2,5,3,5,30,q4,bos
120,23,42,.548,5,19,.263,9,10,.900,5,14,19,15,6,9,9,12,60,second_half,bos
240,39,85,.459,13,27,.481,16,23,.696,5,35,40,28,7,4,19,26,107,game,was
60,12,25,.480,2,6,.333,0,1,.000,1,9,10,8,3,0,3,3,26,q1,was
60,11,21,.524,6,9,.667,5,7,.714,0,10,10,10,2,0,5,9,33,q2,was
120,23,46,.500,8,15,.533,5,8,.625,1,19,20,18,5,0,8,12,59,first_half,was
60,8,17,.471,3,6,.500,5,7,.714,0,11,11,6,2,3,8,5,24,q3,was
60,8,22,.364,2,6,.333,6,8,.750,4,5,9,4,0,1,3,9,24,q4,was
120,16,39,.410,5,12,.417,11,15,.733,4,16,20,10,2,4,11,14,48,second_half,was
240,41,87,.471,8,28,.286,23,30,.767,10,37,47,22,11,8,16,25,113,game,phi
60,14,25,.560,2,4,.500,0,2,.000,2,11,13,6,3,3,4,2,30,q1,phi
60,9,18,.500,4,8,.500,6,8,.750,0,9,9,7,2,2,5,8,28,q2,phi
120,23,43,.535,6,12,.500,6,10,.600,2,20,22,13,5,5,9,10,58,first_half,phi
60,5,22,.227,1,10,.100,4,5,.800,5,9,14,3,5,1,7,9,15,q3,phi
60,13,22,.591,1,6,.167,13,15,.867,3,8,11,6,1,2,0,6,40,q4,phi
120,18,44,.409,2,16,.125,17,20,.850,8,17,25,9,6,3,7,15,55,second_half,phi
240,32,90,.356,17,45,.378,12,14,.857,10,37,47,21,12,7,19,28,93,game,tor
60,10,24,.417,6,15,.400,2,2,1.000,3,17,20,8,1,3,4,2,28,q1,tor
60,10,25,.400,4,11,.364,4,4,1.000,2,8,10,6,6,4,5,10,28,q2,tor
120,20,49,.408,10,26,.385,6,6,1.000,5,25,30,14,7,7,9,12,56,first_half,tor
60,6,20,.300,5,11,.455,3,3,1.000,3,6,9,4,2,0,6,6,20,q3,tor
60,6,21,.286,2,8,.250,3,5,.600,2,6,8,3,3,0,4,10,17,q4,tor
120,12,41,.293,7,19,.368,6,8,.750,5,12,17,7,5,0,10,16,37,second_half,tor
240,32,84,.381,8,31,.258,28,33,.848,9,45,54,21,10,10,18,15,100,game,phi
60,6,26,.231,2,10,.200,3,3,1.000,1,11,12,3,3,3,1,4,17,q1,phi
60,8,23,.348,2,8,.250,13,15,.867,3,12,15,7,2,2,7,4,31,q2,phi
120,14,49,.286,4,18,.222,16,18,.889,4,23,27,10,5,5,8,8,48,first_half,phi
60,11,18,.611,2,6,.333,4,5,.800,1,10,11,8,3,3,5,4,28,q3,phi
60,7,17,.412,2,7,.286,8,10,.800,4,12,16,3,2,2,5,3,24,q4,phi
120,18,35,.514,4,13,.308,12,15,.800,5,22,27,11,5,5,10,7,52,second_half,phi
240,38,92,.413,13,35,.371,23,26,.885,14,26,40,34,15,5,12,18,112,game,cho
60,7,25,.280,2,10,.200,8,9,.889,5,5,10,6,3,2,1,2,24,q1,cho
60,12,23,.522,3,6,.500,7,8,.875,3,8,11,11,1,1,1,6,34,q2,cho
120,19,48,.396,5,16,.312,15,17,.882,8,13,21,17,4,3,2,8,58,first_half,cho
60,12,24,.500,6,12,.500,2,2,1.000,4,6,10,10,9,1,8,7,32,q3,cho
60,7,20,.350,2,7,.286,6,7,.857,2,7,9,7,2,1,2,3,22,q4,cho
120,19,44,.432,8,19,.421,8,9,.889,6,13,19,17,11,2,10,10,54,second_half,cho
240,47,79,.595,16,35,.457,17,24,.708,7,38,45,35,10,7,21,17,127,game,phi
60,15,25,.600,7,11,.636,2,2,1.000,4,13,17,11,0,1,4,6,39,q1,phi
60,12,20,.600,5,11,.455,5,8,.625,1,7,8,10,1,1,2,6,34,q2,phi
120,27,45,.600,12,22,.545,7,10,.700,5,20,25,21,1,2,6,12,73,first_half,phi
60,10,16,.625,3,7,.429,8,11,.727,1,7,8,8,7,2,10,1,31,q3,phi
60,10,18,.556,1,6,.167,2,3,.667,1,11,12,6,2,3,5,4,23,q4,phi
120,20,34,.588,4,13,.308,10,14,.714,2,18,20,14,9,5,15,5,54,second_half,phi
240,36,86,.419,13,39,.333,16,22,.727,8,39,47,30,4,4,16,24,101,game,cho
60,8,22,.364,2,8,.250,2,3,.667,1,14,15,6,0,1,3,3,20,q1,cho
60,9,21,.429,5,10,.500,0,1,.000,2,7,9,8,0,3,7,8,23,q2,cho
120,17,43,.395,7,18,.389,2,4,.500,3,21,24,14,0,4,10,11,43,first_half,cho
60,8,21,.381,3,11,.273,4,4,1.000,1,8,9,8,2,0,3,4,23,q3,cho
60,11,22,.500,3,10,.300,10,14,.714,4,9,13,8,2,1,3,9,35,q4,cho
120,19,43,.442,6,21,.286,14,18,.778,5,17,22,16,4,1,6,13,58,second_half,cho
240,46,95,.484,11,32,.344,15,23,.652,14,41,55,34,7,5,10,21,118,game,phi
60,10,27,.370,2,8,.250,1,2,.500,4,13,17,6,0,1,2,6,23,q1,phi
60,13,24,.542,4,8,.500,5,7,.714,5,9,14,9,2,1,2,1,35,q2,phi
120,23,51,.451,6,16,.375,6,9,.667,9,22,31,15,2,2,4,7,58,first_half,phi
60,10,21,.476,2,9,.222,2,2,1.000,2,11,13,8,2,3,3,3,24,q3,phi
60,13,23,.565,3,7,.429,7,12,.583,3,8,11,11,3,0,3,11,36,q4,phi
120,23,44,.523,5,16,.312,9,14,.643,5,19,24,19,5,3,6,14,60,second_half,phi
240,45,90,.500,16,44,.364,8,15,.533,8,24,32,29,10,4,15,17,114,game,cho
60,10,24,.417,3,11,.273,0,1,.000,3,7,10,9,4,2,3,4,23,q1,cho
60,9,19,.474,0,4,.000,3,5,.600,1,3,4,7,2,1,5,5,21,q2,cho
120,19,43,.442,3,15,.200,3,6,.500,4,10,14,16,6,3,8,9,44,first_half,cho
60,13,24,.542,8,16,.500,2,3,.667,2,9,11,7,2,1,3,4,36,q3,cho
60,13,23,.565,5,13,.385,3,6,.500,2,5,7,6,2,0,4,4,34,q4,cho
120,26,47,.553,13,29,.448,5,9,.556,4,14,18,13,4,1,7,8,70,second_half,cho
240,46,87,.529,14,30,.467,15,20,.750,10,40,50,34,12,3,18,22,121,game,cle
60,9,22,.409,2,8,.250,4,5,.800,4,12,16,8,3,2,4,4,24,q1,cle
60,17,23,.739,3,6,.500,4,4,1.000,1,10,11,12,3,0,2,4,41,q2,cle
120,26,45,.578,5,14,.357,8,9,.889,5,22,27,20,6,2,6,8,65,first_half,cle
60,10,24,.417,5,9,.556,3,6,.500,3,9,12,8,3,1,5,6,28,q3,cle
60,10,18,.556,4,7,.571,4,5,.800,2,9,11,6,3,0,7,8,28,q4,cle
120,20,42,.476,9,16,.562,7,11,.636,5,18,23,14,6,1,12,14,56,second_half,cle
240,33,79,.418,12,37,.324,16,22,.727,8,31,39,24,9,5,21,19,94,game,phi
60,8,20,.400,3,9,.333,5,5,1.000,1,11,12,8,1,4,5,4,24,q1,phi
60,8,23,.348,2,9,.222,8,10,.800,5,9,14,3,2,1,6,5,26,q2,phi
120,16,43,.372,5,18,.278,13,15,.867,6,20,26,11,3,5,11,9,50,first_half,phi
60,8,16,.500,4,8,.500,2,4,.500,1,6,7,6,5,0,9,7,22,q3,phi
60,9,20,.450,3,11,.273,1,3,.333,1,5,6,7,1,0,1,3,22,q4,phi
120,17,36,.472,7,19,.368,3,7,.429,2,11,13,13,6,0,10,10,44,second_half,phi
240,48,91,.527,9,23,.391,13,16,.813,11,34,45,31,13,6,16,22,118,game,cle
60,13,30,.433,3,8,.375,0,0,,4,9,13,11,2,2,1,4,29,q1,cle
60,14,26,.538,4,8,.500,3,4,.750,3,8,11,10,4,3,4,8,35,q2,cle
120,27,56,.482,7,16,.438,3,4,.750,7,17,24,21,6,5,5,12,64,first_half,cle
60,10,18,.556,1,2,.500,8,10,.800,3,6,9,3,6,1,6,5,29,q3,cle
60,11,17,.647,1,5,.200,2,2,1.000,1,11,12,7,1,0,5,5,25,q4,cle
120,21,35,.600,2,7,.286,10,12,.833,4,17,21,10,7,1,11,10,54,second_half,cle
240,34,79,.430,14,25,.560,13,21,.619,14,41,55,23,9,6,25,21,95,game,nyk
60,11,22,.500,5,8,.625,2,2,1.000,3,14,17,8,4,3,7,3,29,q1,nyk
60,7,17,.412,5,8,.625,5,6,.833,2,7,9,7,0,0,8,7,24,q2,nyk
120,18,39,.462,10,16,.625,7,8,.875,5,21,26,15,4,3,15,10,53,first_half,nyk
60,6,21,.286,0,3,.000,6,10,.600,4,12,16,3,2,1,4,4,18,q3,nyk
60,10,19,.526,4,6,.667,0,3,.000,5,8,13,5,3,2,6,7,24,q4,nyk
120,16,40,.400,4,9,.444,6,13,.462,9,20,29,8,5,3,10,11,42,second_half,nyk
240,32,88,.364,7,32,.219,15,22,.682,14,29,43,22,13,10,13,17,86,game,cle
60,6,25,.240,0,10,.000,3,4,.750,4,7,11,4,4,3,4,2,15,q1,cle
60,12,25,.480,2,7,.286,5,6,.833,6,6,12,8,5,2,2,4,31,q2,cle
120,18,50,.360,2,17,.118,8,10,.800,10,13,23,12,9,5,6,6,46,first_half,cle
60,6,22,.273,3,10,.300,3,4,.750,3,11,14,4,2,3,3,6,18,q3,cle
60,8,16,.500,2,5,.400,4,8,.500,1,5,6,6,2,2,4,5,22,q4,cle
120,14,38,.368,5,15,.333,7,12,.583,4,16,20,10,4,5,7,11,40,second_half,cle
240,39,85,.459,12,28,.429,17,23,.739,5,35,40,25,8,8,16,27,107,game,nyk
60,12,22,.545,5,8,.625,4,4,1.000,1,8,9,8,5,1,7,9,33,q1,nyk
60,12,21,.571,3,7,.429,6,7,.857,0,10,10,7,2,2,3,5,33,q2,nyk
120,24,43,.558,8,15,.533,10,11,.909,1,18,19,15,7,3,10,14,66,first_half,nyk
60,6,22,.273,3,7,.429,1,2,.500,2,10,12,4,0,4,3,6,16,q3,nyk
60,9,20,.450,1,6,.167,6,10,.600,2,7,9,6,1,1,3,7,25,q4,nyk
120,15,42,.357,4,13,.308,7,12,.583,4,17,21,10,1,5,6,13,41,second_half,nyk
240,46,94,.489,8,34,.235,21,29,.724,10,40,50,28,6,9,13,24,121,game,ind
60,13,24,.542,2,9,.222,7,10,.700,2,7,9,6,3,3,5,3,35,q1,ind
60,10,23,.435,2,10,.200,4,6,.667,2,9,11,7,2,1,4,8,26,q2,ind
120,23,47,.489,4,19,.211,11,16,.688,4,16,20,13,5,4,9,11,61,first_half,ind
60,12,27,.444,1,6,.167,2,3,.667,3,14,17,8,0,4,0,4,27,q3,ind
60,11,20,.550,3,9,.333,8,10,.800,3,10,13,7,1,1,4,9,33,q4,ind
120,23,47,.489,4,15,.267,10,13,.769,6,24,30,15,1,5,4,13,60,second_half,ind
240,40,79,.506,9,23,.391,18,24,.750,6,34,40,21,13,7,18,17,107,game,bos
60,9,16,.562,2,5,.400,3,6,.500,0,14,14,5,1,2,7,4,23,q1,bos
60,13,20,.650,4,8,.500,2,2,1.000,1,5,6,8,5,2,4,1,32,q2,bos
120,22,36,.611,6,13,.462,5,8,.625,1,19,20,13,6,4,11,5,55,first_half,bos
60,8,22,.364,3,6,.500,9,10,.900,2,4,6,6,3,1,3,7,28,q3,bos
60,10,21,.476,0,4,.000,4,6,.667,3,11,14,2,4,2,4,5,24,q4,bos
120,18,43,.419,3,10,.300,13,16,.812,5,15,20,8,7,3,7,12,52,second_half,bos
240,45,88,.511,7,26,.269,11,15,.733,8,29,37,23,11,7,16,20,108,game,ind
60,9,27,.333,1,10,.100,0,1,.000,4,7,11,4,5,1,2,4,19,q1,ind
60,12,20,.600,3,6,.500,3,3,1.000,2,5,7,8,1,1,5,3,30,q2,ind
120,21,47,.447,4,16,.250,3,4,.750,6,12,18,12,6,2,7,7,49,first_half,ind
60,15,20,.750,2,4,.500,7,8,.875,1,10,11,8,3,3,5,8,39,q3,ind
60,9,21,.429,1,6,.167,1,3,.333,1,7,8,3,2,2,4,5,20,q4,ind
120,24,41,.585,3,10,.300,8,11,.727,2,17,19,11,5,5,9,13,59,second_half,ind
240,40,80,.500,9,22,.409,27,37,.730,12,31,43,21,10,3,14,16,116,game,bos
60,11,23,.478,3,6,.500,6,8,.750,5,10,15,7,3,0,4,3,31,q1,bos
60,10,20,.500,3,8,.375,4,5,.800,4,7,11,5,0,0,3,2,27,q2,bos
120,21,43,.488,6,14,.429,10,13,.769,9,17,26,12,3,0,7,5,58,first_half,bos
60,9,19,.474,2,5,.400,5,8,.625,2,7,9,6,1,1,4,8,25,q3,bos
60,10,18,.556,1,3,.333,12,16,.750,1,7,8,3,6,2,3,3,33,q4,bos
120,19,37,.514,3,8,.375,17,24,.708,3,14,17,9,7,3,7,11,58,second_half,bos
240,43,84,.512,12,33,.364,13,16,.813,4,32,36,27,9,5,14,25,111,game,ind
60,9,20,.450,6,13,.462,2,2,1.000,0,8,8,8,1,2,5,5,26,q1,ind
60,14,21,.667,3,6,.500,0,0,,0,7,7,5,3,1,1,4,31,q2,ind
120,23,41,.561,9,19,.474,2,2,1.000,0,15,15,13,4,3,6,9,57,first_half,ind
60,13,24,.542,3,8,.375,8,10,.800,3,9,12,11,2,1,1,6,37,q3,ind
60,7,19,.368,0,6,.000,3,4,.750,1,8,9,3,3,1,7,10,17,q4,ind
120,20,43,.465,3,14,.214,11,14,.786,4,17,21,14,5,2,8,16,54,second_half,ind
240,37,82,.451,12,23,.522,13,24,.542,11,32,43,22,5,6,18,22,99,game,cle
60,8,26,.308,3,6,.500,2,8,.250,9,6,15,5,2,1,4,5,21,q1,cle
60,10,19,.526,4,8,.500,6,6,1.000,1,14,15,4,1,2,6,5,30,q2,cle
120,18,45,.400,7,14,.500,8,14,.571,10,20,30,9,3,3,10,10,51,first_half,cle
60,7,18,.389,1,4,.250,2,4,.500,1,6,7,6,1,2,4,7,17,q3,cle
60,12,19,.632,4,5,.800,3,6,.500,1,6,7,7,1,1,5,5,31,q4,cle
120,19,37,.514,5,9,.556,5,10,.500,2,12,14,13,2,3,9,12,48,second_half,cle
240,42,87,.483,16,35,.457,19,24,.792,9,35,44,28,12,1,14,22,119,game,ind
60,12,20,.600,6,10,.600,2,2,1.000,1,10,11,9,3,0,4,6,32,q1,ind
60,9,25,.360,4,12,.333,3,4,.750,3,7,10,6,4,0,3,5,25,q2,ind
120,21,45,.467,10,22,.455,5,6,.833,4,17,21,15,7,0,7,11,57,first_half,ind
60,11,20,.550,4,6,.667,5,7,.714,2,9,11,7,1,1,4,5,31,q3,ind
60,10,22,.455,2,7,.286,9,11,.818,3,8,11,6,5,0,3,6,31,q4,ind
120,21,42,.500,6,13,.462,14,18,.778,5,17,22,13,6,1,7,11,62,second_half,ind
240,42,83,.506,12,27,.444,10,13,.769,10,41,51,23,4,3,15,16,106,game,nyk
60,10,18,.556,3,4,.750,3,5,.600,2,10,12,7,1,0,5,2,26,q1,nyk
60,11,24,.458,2,8,.250,0,0,,4,13,17,3,0,1,5,9,24,q2,nyk
120,21,42,.500,5,12,.417,3,5,.600,6,23,29,10,1,1,10,11,50,first_half,nyk
60,13,23,.565,4,6,.667,2,2,1.000,4,9,13,8,1,1,2,2,32,q3,nyk
60,8,18,.444,3,9,.333,5,6,.833,0,9,9,5,2,1,3,3,24,q4,nyk
120,21,41,.512,7,15,.467,7,8,.875,4,18,22,13,3,2,5,5,56,second_half,nyk
240,34,84,.405,19,50,.380,15,18,.833,5,27,32,22,6,4,8,21,102,game,ind
60,10,20,.500,5,12,.417,3,3,1.000,0,5,5,5,1,0,1,5,28,q1,ind
60,5,18,.278,2,9,.222,11,14,.786,1,9,10,4,2,1,3,6,23,q2,ind
120,15,38,.395,7,21,.333,14,17,.824,1,14,15,9,3,1,4,11,51,first_half,ind
60,11,24,.458,8,16,.500,1,1,1.000,2,6,8,9,1,1,1,4,31,q3,ind
60,8,22,.364,4,13,.308,0,0,,2,7,9,4,2,2,3,6,20,q4,ind
120,19,46,.413,12,29,.414,1,1,1.000,4,13,17,13,3,3,4,10,51,second_half,ind
240,31,78,.397,10,35,.286,26,33,.788,11,30,41,18,8,2,19,20,98,game,nop
60,8,21,.381,2,9,.222,8,8,1.000,3,7,10,8,2,0,4,1,26,q1,nop
60,9,17,.529,3,6,.500,6,9,.667,3,7,10,5,0,1,6,5,27,q2,nop
120,17,38,.447,5,15,.333,14,17,.824,6,14,20,13,2,1,10,6,53,first_half,nop
60,8,20,.400,2,10,.200,8,11,.727,2,6,8,2,4,1,3,7,26,q3,nop
60,6,20,.300,3,10,.300,4,5,.800,3,10,13,3,2,0,6,7,19,q4,nop
120,14,40,.350,5,20,.250,12,16,.750,5,16,21,5,6,1,9,14,45,second_half,nop
240,38,75,.507,16,37,.432,19,23,.826,4,31,35,29,11,2,17,25,111,game,mia
60,11,20,.550,7,12,.583,0,0,,2,8,10,10,1,0,6,5,29,q1,mia
60,12,21,.571,6,9,.667,7,7,1.000,1,4,5,8,4,0,1,5,37,q2,mia
120,23,41,.561,13,21,.619,7,7,1.000,3,12,15,18,5,0,7,10,66,first_half,mia
60,7,16,.438,1,6,.167,7,8,.875,0,9,9,5,2,0,5,9,22,q3,mia
60,8,18,.444,2,10,.200,5,8,.625,1,10,11,6,4,2,5,6,23,q4,mia
120,15,34,.441,3,16,.188,12,16,.750,1,19,20,11,6,2,10,15,45,second_half,mia
240,51,92,.554,29,51,.569,13,15,.867,10,35,45,32,14,2,17,22,144,game,mil
60,17,25,.680,8,12,.667,4,4,1.000,1,6,7,13,8,0,5,3,46,q1,mil
60,14,24,.583,8,15,.533,1,3,.333,3,11,14,10,1,2,5,4,37,q2,mil
120,31,49,.633,16,27,.593,5,7,.714,4,17,21,23,9,2,10,7,83,first_half,mil
60,10,22,.455,8,14,.571,4,4,1.000,3,9,12,5,4,0,4,6,32,q3,mil
60,10,21,.476,5,10,.500,4,4,1.000,3,9,12,4,1,0,3,9,29,q4,mil
120,20,43,.465,13,24,.542,8,8,1.000,6,18,24,9,5,0,7,15,61,second_half,mil
240,37,79,.468,11,37,.297,12,18,.667,3,27,30,23,9,6,21,18,97,game,mia
60,10,17,.588,4,9,.444,2,2,1.000,0,5,5,3,3,1,10,5,26,q1,mia
60,10,23,.435,2,9,.222,3,4,.750,0,6,6,5,4,1,3,4,25,q2,mia
120,20,40,.500,6,18,.333,5,6,.833,0,11,11,8,7,2,13,9,51,first_half,mia
60,9,17,.529,3,8,.375,3,6,.500,1,8,9,8,2,0,5,5,24,q3,mia
60,8,22,.364,2,11,.182,4,6,.667,2,8,10,7,0,4,3,4,22,q4,mia
120,17,39,.436,5,19,.263,7,12,.583,3,16,19,15,2,4,8,9,46,second_half,mia
240,40,102,.392,16,41,.390,12,13,.923,16,31,47,26,14,6,13,25,108,game,mil
60,5,22,.227,3,12,.250,6,6,1.000,1,7,8,3,7,0,4,5,19,q1,mil
60,15,29,.517,7,11,.636,0,1,.000,5,10,15,10,2,1,2,5,37,q2,mil
120,20,51,.392,10,23,.435,6,7,.857,6,17,23,13,9,1,6,10,56,first_half,mil
60,14,28,.500,5,13,.385,2,2,1.000,5,7,12,9,2,2,2,5,35,q3,mil
60,6,23,.261,1,5,.200,4,4,1.000,5,7,12,4,3,3,5,10,17,q4,mil
120,20,51,.392,6,18,.333,6,6,1.000,10,14,24,13,5,5,7,15,52,second_half,mil
240,40,82,.488,15,39,.385,24,29,.828,10,42,52,25,5,5,22,18,119,game,mia
60,10,19,.526,2,9,.222,3,3,1.000,0,16,16,5,1,1,10,6,25,q1,mia
60,9,19,.474,3,7,.429,5,7,.714,1,8,9,6,0,2,5,3,26,q2,mia
120,19,38,.500,5,16,.312,8,10,.800,1,24,25,11,1,3,15,9,51,first_half,mia
60,13,22,.591,5,9,.556,6,6,1.000,2,8,10,9,2,0,3,4,37,q3,mia
60,8,22,.364,5,14,.357,10,13,.769,7,10,17,5,2,2,4,5,31,q4,mia
120,21,44,.477,10,23,.435,16,19,.842,9,18,27,14,4,2,7,9,68,second_half,mia
240,29,79,.367,13,48,.271,19,27,.704,6,32,38,20,6,4,15,15,90,game,okc
60,10,24,.417,2,10,.200,4,4,1.000,0,9,9,4,2,1,1,1,26,q1,okc
60,9,19,.474,3,12,.250,2,3,.667,1,7,8,7,1,1,4,3,23,q2,okc
120,19,43,.442,5,22,.227,6,7,.857,1,16,17,11,3,2,5,4,49,first_half,okc
60,5,20,.250,5,15,.333,2,2,1.000,1,8,9,4,0,0,2,5,17,q3,okc
60,5,16,.312,3,11,.273,11,18,.611,4,8,12,5,3,2,8,6,24,q4,okc
120,10,36,.278,8,26,.308,13,20,.650,5,16,21,9,3,2,10,11,41,second_half,okc
240,46,81,.568,16,34,.471,10,18,.556,4,43,47,34,7,0,14,20,118,game,mia
60,11,21,.524,4,7,.571,0,2,.000,1,13,14,8,1,0,5,4,26,q1,mia
60,13,21,.619,7,12,.583,4,4,1.000,0,9,9,11,3,0,1,4,37,q2,mia
120,24,42,.571,11,19,.579,4,6,.667,1,22,23,19,4,0,6,8,63,first_half,mia
60,9,17,.529,4,10,.400,6,7,.857,0,13,13,7,1,0,1,3,28,q3,mia
60,13,22,.591,1,5,.200,0,5,.000,3,8,11,8,2,0,7,9,27,q4,mia
120,22,39,.564,5,15,.333,6,12,.500,3,21,24,15,3,0,8,12,55,second_half,mia
240,34,99,.343,10,45,.222,21,25,.840,10,33,43,14,5,6,11,22,99,game,gsw
60,7,24,.292,2,13,.154,9,11,.818,1,13,14,4,2,3,3,8,25,q1,gsw
60,11,28,.393,6,16,.375,3,4,.750,4,8,12,5,0,1,0,6,31,q2,gsw
120,18,52,.346,8,29,.276,12,15,.800,5,21,26,9,2,4,3,14,56,first_half,gsw
60,9,25,.360,1,9,.111,1,1,1.000,3,6,9,3,2,0,5,6,20,q3,gsw
60,7,22,.318,1,7,.143,8,9,.889,2,6,8,2,1,2,3,2,23,q4,gsw
120,16,47,.340,2,16,.125,9,10,.900,5,12,17,5,3,2,8,8,43,second_half,gsw
240,50,90,.556,20,36,.556,18,26,.692,11,49,60,25,6,4,17,17,138,game,mil
60,11,22,.500,5,8,.625,6,9,.667,1,12,13,6,0,1,4,5,33,q1,mil
60,13,26,.500,4,12,.333,3,7,.429,5,12,17,3,0,1,2,4,33,q2,mil
120,24,48,.500,9,20,.450,9,16,.562,6,24,30,9,0,2,6,9,66,first_half,mil
60,12,21,.571,3,7,.429,7,8,.875,3,13,16,8,4,2,6,1,34,q3,mil
60,14,22,.636,8,10,.800,2,2,1.000,2,12,14,8,2,0,5,7,38,q4,mil
120,26,43,.605,11,17,.647,9,10,.900,5,25,30,16,6,2,11,8,72,second_half,mil
240,38,87,.437,6,26,.231,14,20,.700,6,36,42,18,10,6,20,21,96,game,chi
60,8,21,.381,2,4,.500,3,4,.750,1,10,11,2,2,0,3,3,21,q1,chi
60,9,23,.391,1,6,.167,0,0,,1,10,11,5,1,3,5,6,19,q2,chi
120,17,44,.386,3,10,.300,3,4,.750,2,20,22,7,3,3,8,9,40,first_half,chi
60,12,21,.571,3,8,.375,8,9,.889,1,6,7,7,4,2,5,4,35,q3,chi
60,9,22,.409,0,8,.000,3,7,.429,3,10,13,4,3,1,7,8,21,q4,chi
120,21,43,.488,3,16,.188,11,16,.688,4,16,20,11,7,3,12,12,56,second_half,chi
240,42,85,.494,22,45,.489,20,30,.667,5,39,44,27,16,6,17,19,126,game,mil
60,10,24,.417,5,12,.417,2,2,1.000,1,10,11,7,1,1,3,4,27,q1,mil
60,11,23,.478,7,12,.583,6,12,.500,3,13,16,9,5,3,1,2,35,q2,mil
120,21,47,.447,12,24,.500,8,14,.571,4,23,27,16,6,4,4,6,62,first_half,mil
60,12,20,.600,7,12,.583,3,3,1.000,1,7,8,6,5,1,8,8,34,q3,mil
60,9,18,.500,3,9,.333,9,13,.692,0,9,9,5,5,1,5,5,30,q4,mil
120,21,38,.553,10,21,.476,12,16,.750,1,16,17,11,10,2,13,13,64,second_half,mil
240,43,98,.439,17,40,.425,12,12,1.000,6,25,31,27,9,5,8,17,115,game,det
60,9,24,.375,6,13,.462,2,2,1.000,2,8,10,7,2,1,5,4,26,q1,det
60,10,28,.357,3,8,.375,7,7,1.000,4,4,8,6,3,1,1,3,30,q2,det
120,19,52,.365,9,21,.429,9,9,1.000,6,12,18,13,5,2,6,7,56,first_half,det
60,10,21,.476,2,8,.250,2,2,1.000,0,5,5,6,3,2,2,3,24,q3,det
60,14,25,.560,6,11,.545,1,1,1.000,0,8,8,8,1,1,0,7,35,q4,det
120,24,46,.522,8,19,.421,3,3,1.000,0,13,13,14,4,3,2,10,59,second_half,det
240,49,85,.576,14,34,.412,13,16,.813,7,42,49,32,6,4,19,18,125,game,mil
60,14,25,.560,2,8,.250,3,3,1.000,1,13,14,9,4,0,4,3,33,q1,mil
60,14,21,.667,3,5,.600,3,3,1.000,2,11,13,8,0,3,4,4,34,q2,mil
120,28,46,.609,5,13,.385,6,6,1.000,3,24,27,17,4,3,8,7,67,first_half,mil
60,11,18,.611,5,11,.455,3,3,1.000,0,9,9,8,2,0,7,5,30,q3,mil
60,10,21,.476,4,10,.400,4,7,.571,4,9,13,7,0,1,4,6,28,q4,mil
120,21,39,.538,9,21,.429,7,10,.700,4,18,22,15,2,1,11,11,58,second_half,mil
240,48,95,.505,11,31,.355,23,29,.793,11,43,54,25,8,0,13,21,130,game,orl
60,13,22,.591,3,7,.429,3,4,.750,0,12,12,4,2,0,5,6,32,q1,orl
60,9,24,.375,2,9,.222,11,13,.846,6,9,15,5,4,0,3,7,31,q2,orl
120,22,46,.478,5,16,.312,14,17,.824,6,21,27,9,6,0,8,13,63,first_half,orl
60,11,25,.440,3,8,.375,4,5,.800,3,12,15,6,1,0,4,5,29,q3,orl
60,15,24,.625,3,7,.429,5,7,.714,2,10,12,10,1,0,1,3,38,q4,orl
120,26,49,.531,6,15,.400,9,12,.750,5,22,27,16,2,0,5,8,67,second_half,orl
240,46,95,.484,13,37,.351,15,28,.536,7,36,43,28,5,3,14,25,120,game,was
60,11,25,.440,5,11,.455,5,8,.625,2,9,11,7,1,1,5,5,32,q1,was
60,9,18,.500,4,8,.500,5,8,.625,1,10,11,7,0,0,6,8,27,q2,was
120,20,43,.465,9,19,.474,10,16,.625,3,19,22,14,1,1,11,13,59,first_half,was
60,14,29,.483,2,8,.250,2,5,.400,3,10,13,7,3,1,1,5,32,q3,was
60,12,23,.522,2,10,.200,3,7,.429,1,7,8,7,1,1,2,7,29,q4,was
120,26,52,.500,4,18,.222,5,12,.417,4,17,21,14,4,2,3,12,61,second_half,was
240,37,85,.435,9,25,.360,37,38,.974,11,34,45,19,6,3,10,14,120,game,orl
60,10,25,.400,4,7,.571,5,5,1.000,3,9,12,7,2,1,2,4,29,q1,orl
60,8,18,.444,2,8,.250,15,16,.938,2,8,10,3,2,1,2,2,33,q2,orl
120,18,43,.419,6,15,.400,20,21,.952,5,17,22,10,4,2,4,6,62,first_half,orl
60,5,20,.250,0,4,.000,5,5,1.000,2,6,8,3,0,0,4,5,15,q3,orl
60,14,22,.636,3,6,.500,12,12,1.000,4,11,15,6,2,1,2,3,43,q4,orl
120,19,42,.452,3,10,.300,17,17,1.000,6,17,23,9,2,1,6,8,58,second_half,orl
240,47,97,.485,8,32,.250,11,13,.846,13,34,47,27,6,4,13,26,113,game,was
60,14,23,.609,4,9,.444,3,4,.750,1,12,13,10,1,1,4,5,35,q1,was
60,12,23,.522,1,6,.167,0,0,,1,7,8,6,2,0,3,8,25,q2,was
120,26,46,.565,5,15,.333,3,4,.750,2,19,21,16,3,1,7,13,60,first_half,was
60,13,26,.500,2,8,.250,6,7,.857,7,11,18,7,2,3,1,4,34,q3,was
60,8,25,.320,1,9,.111,2,2,1.000,4,4,8,4,1,0,5,9,19,q4,was
120,21,51,.412,3,17,.176,8,9,.889,11,15,26,11,3,3,6,13,53,second_half,was
240,38,87,.437,15,36,.417,24,32,.750,5,32,37,26,7,1,14,23,115,game,chi
60,10,24,.417,5,12,.417,6,9,.667,3,5,8,6,1,0,2,3,31,q1,chi
60,6,23,.261,3,8,.375,6,8,.750,1,12,13,5,1,0,2,5,21,q2,chi
120,16,47,.340,8,20,.400,12,17,.706,4,17,21,11,2,0,4,8,52,first_half,chi
60,11,23,.478,3,8,.375,6,7,.857,1,8,9,7,4,1,4,6,31,q3,chi
60,11,17,.647,4,8,.500,6,8,.750,0,7,7,8,1,0,6,9,32,q4,chi
120,22,40,.550,7,16,.438,12,15,.800,1,15,16,15,5,1,10,15,63,second_half,chi
240,37,84,.440,10,37,.270,23,26,.885,8,39,47,25,6,6,19,28,107,game,was
60,11,20,.550,3,7,.429,1,1,1.000,1,10,11,9,1,2,5,8,26,q1,was
60,7,25,.280,1,11,.091,5,5,1.000,3,16,19,5,0,1,3,5,20,q2,was
120,18,45,.400,4,18,.222,6,6,1.000,4,26,30,14,1,3,8,13,46,first_half,was
60,10,20,.500,1,7,.143,6,9,.667,3,8,11,5,2,3,7,8,27,q3,was
60,9,19,.474,5,12,.417,11,11,1.000,1,5,6,6,3,0,4,7,34,q4,was
120,19,39,.487,6,19,.316,17,20,.850,4,13,17,11,5,3,11,15,61,second_half,was
240,50,92,.543,14,36,.389,19,25,.760,9,35,44,34,9,3,15,27,133,game,chi
60,14,27,.519,6,10,.600,1,2,.500,3,7,10,11,1,0,2,6,35,q1,chi
60,14,21,.667,5,9,.556,3,6,.500,1,10,11,11,3,1,7,7,36,q2,chi
120,28,48,.583,11,19,.579,4,8,.500,4,17,21,22,4,1,9,13,71,first_half,chi
60,15,24,.625,2,8,.250,4,5,.800,3,9,12,8,2,1,4,7,36,q3,chi
60,7,20,.350,1,9,.111,11,12,.917,2,9,11,4,3,1,2,7,26,q4,chi
120,22,44,.500,3,17,.176,15,17,.882,5,18,23,12,5,2,6,14,62,second_half,chi
240,42,84,.500,14,29,.483,32,41,.780,9,28,37,27,8,4,14,27,130,game,was
60,13,19,.684,6,8,.750,9,11,.818,1,7,8,9,2,0,3,4,41,q1,was
60,10,24,.417,0,7,.000,7,8,.875,3,6,9,5,3,1,6,8,27,q2,was
120,23,43,.535,6,15,.400,16,19,.842,4,13,17,14,5,1,9,12,68,first_half,was
60,10,22,.455,4,7,.571,8,9,.889,4,5,9,7,1,1,2,6,32,q3,was
60,9,19,.474,4,7,.571,8,13,.615,1,10,11,6,2,2,3,9,30,q4,was
120,19,41,.463,8,14,.571,16,22,.727,5,15,20,13,3,3,5,15,62,second_half,was
290,48,99,.485,13,30,.433,19,30,.633,7,44,51,29,13,4,18,24,128,game,cle
60,11,22,.500,4,7,.571,0,1,.000,1,8,9,4,2,1,6,3,26,q1,cle
60,13,24,.542,1,8,.125,6,8,.750,1,13,14,9,2,1,1,5,33,q2,cle
120,24,46,.522,5,15,.333,6,9,.667,2,21,23,13,4,2,7,8,59,first_half,cle
60,9,24,.375,3,7,.429,1,4,.250,2,7,9,8,4,0,4,7,22,q3,cle
60,5,14,.357,2,5,.400,8,12,.667,2,10,12,4,3,2,6,5,20,q4,cle
120,14,38,.368,5,12,.417,9,16,.562,4,17,21,12,7,2,10,12,42,second_half,cle
290,40,98,.408,16,45,.356,23,32,.719,10,47,57,24,9,5,22,20,119,game,det
60,9,22,.409,4,9,.444,4,6,.667,1,11,12,6,1,1,4,3,26,q1,det
60,8,22,.364,5,11,.455,6,9,.667,2,10,12,6,1,0,3,5,27,q2,det
120,17,44,.386,9,20,.450,10,15,.667,3,21,24,12,2,1,7,8,53,first_half,det
60,11,18,.611,3,8,.375,8,10,.800,0,14,14,7,3,4,6,3,33,q3,det
60,6,23,.261,2,12,.167,1,1,1.000,5,9,14,3,4,0,5,6,15,q4,det
120,17,41,.415,5,20,.250,9,11,.818,5,23,28,10,7,4,11,9,48,second_half,det
240,38,76,.500,14,33,.424,26,36,.722,4,36,40,21,8,8,19,28,116,game,gsw
60,9,20,.450,3,10,.300,3,6,.500,1,8,9,6,1,1,3,7,24,q1,gsw
60,7,18,.389,2,7,.286,8,11,.727,2,10,12,5,1,1,3,7,24,q2,gsw
120,16,38,.421,5,17,.294,11,17,.647,3,18,21,11,2,2,6,14,48,first_half,gsw
60,10,20,.500,4,9,.444,5,7,.714,0,9,9,6,5,2,8,8,29,q3,gsw
60,12,18,.667,5,7,.714,10,12,.833,1,9,10,4,1,4,5,6,39,q4,gsw
120,22,38,.579,9,16,.562,15,19,.789,1,18,19,10,6,6,13,14,68,second_half,gsw
240,35,92,.380,13,35,.371,23,29,.793,16,29,45,21,8,6,15,26,106,game,det
60,9,28,.321,4,10,.400,7,7,1.000,6,10,16,4,1,0,2,4,29,q1,det
60,6,22,.273,4,14,.286,6,8,.750,6,9,15,4,2,1,3,7,22,q2,det
120,15,50,.300,8,24,.333,13,15,.867,12,19,31,8,3,1,5,11,51,first_half,det
60,8,19,.421,2,5,.400,7,9,.778,2,7,9,6,4,4,8,8,25,q3,det
60,12,23,.522,3,6,.500,3,5,.600,2,3,5,7,1,1,2,7,30,q4,det
120,20,42,.476,5,11,.455,10,14,.714,4,10,14,13,5,5,10,15,55,second_half,det
240,39,83,.470,8,31,.258,7,14,.500,7,37,44,20,12,11,19,20,93,game,bos
60,5,19,.263,1,6,.167,1,2,.500,2,9,11,2,2,1,7,1,12,q1,bos
60,12,20,.600,2,5,.400,2,5,.400,0,5,5,4,4,2,3,8,28,q2,bos
120,17,39,.436,3,11,.273,3,7,.429,2,14,16,6,6,3,10,9,40,first_half,bos
60,15,22,.682,2,6,.333,1,2,.500,2,13,15,10,4,4,6,4,33,q3,bos
60,7,22,.318,3,14,.214,3,5,.600,3,11,14,4,2,3,3,7,20,q4,bos
120,22,44,.500,5,20,.250,4,7,.571,5,24,29,14,6,7,9,11,53,second_half,bos
240,36,88,.409,11,34,.324,13,20,.650,12,35,47,18,9,2,18,16,96,game,det
60,12,24,.500,3,10,.300,0,0,,2,10,12,8,4,2,4,3,27,q1,det
60,11,19,.579,2,5,.400,4,7,.571,3,9,12,3,1,0,6,5,28,q2,det
120,23,43,.535,5,15,.333,4,7,.571,5,19,24,11,5,2,10,8,55,first_half,det
60,8,22,.364,5,7,.714,3,4,.750,0,5,5,5,3,0,4,2,24,q3,det
60,5,23,.217,1,12,.083,6,9,.667,8,11,19,2,1,0,4,6,17,q4,det
120,13,45,.289,6,19,.316,9,13,.692,8,16,24,7,4,0,8,8,41,second_half,det
240,49,87,.563,15,33,.455,9,13,.692,12,29,41,35,4,5,17,22,122,game,bos
60,13,23,.565,5,11,.455,0,0,,2,6,8,11,2,2,3,1,31,q1,bos
60,13,25,.520,4,9,.444,0,0,,4,7,11,9,1,1,3,6,30,q2,bos
120,26,48,.542,9,20,.450,0,0,,6,13,19,20,3,3,6,7,61,first_half,bos
60,12,19,.632,1,3,.333,5,7,.714,4,9,13,7,1,0,8,6,30,q3,bos
60,11,20,.550,5,10,.500,4,6,.667,2,7,9,8,0,2,3,9,31,q4,bos
120,23,39,.590,6,13,.462,9,13,.692,6,16,22,15,1,2,11,15,61,second_half,bos
240,41,86,.477,16,36,.444,22,25,.880,8,25,33,29,8,7,9,16,120,game,det
60,14,22,.636,5,9,.556,0,0,,1,7,8,12,1,1,4,1,33,q1,det
60,8,20,.400,3,7,.429,5,6,.833,2,5,7,3,2,3,2,4,24,q2,det
120,22,42,.524,8,16,.500,5,6,.833,3,12,15,15,3,4,6,5,57,first_half,det
60,12,24,.500,3,7,.429,4,5,.800,3,5,8,7,3,2,3,7,31,q3,det
60,7,20,.350,5,13,.385,13,14,.929,2,8,10,7,2,1,0,4,32,q4,det
120,19,44,.432,8,20,.400,17,19,.895,5,13,18,14,5,3,3,11,63,second_half,det
240,40,88,.455,10,36,.278,19,24,.792,9,45,54,25,10,7,16,21,109,game,okc
60,11,24,.458,2,10,.200,2,2,1.000,3,9,12,8,3,1,2,5,26,q1,okc
60,11,21,.524,0,6,.000,9,9,1.000,1,10,11,5,2,1,3,5,31,q2,okc
120,22,45,.489,2,16,.125,11,11,1.000,4,19,23,13,5,2,5,10,57,first_half,okc
60,9,22,.409,2,8,.250,3,5,.600,4,14,18,6,2,3,6,3,23,q3,okc
60,9,21,.429,6,12,.500,5,8,.625,1,12,13,6,3,2,5,8,29,q4,okc
120,18,43,.419,8,20,.400,8,13,.615,5,26,31,12,5,5,11,11,52,second_half,okc
240,37,93,.398,13,32,.406,20,32,.625,13,34,47,27,11,8,13,22,107,game,cho
60,9,18,.500,3,7,.429,7,9,.778,1,9,10,7,1,2,4,4,28,q1,cho
60,12,24,.500,2,7,.286,5,8,.625,4,6,10,8,2,2,3,7,31,q2,cho
120,21,42,.500,5,14,.357,12,17,.706,5,15,20,15,3,4,7,11,59,first_half,cho
60,6,29,.207,1,8,.125,3,5,.600,7,9,16,3,4,3,3,4,16,q3,cho
60,10,22,.455,7,10,.700,5,10,.500,1,10,11,9,4,1,3,7,32,q4,cho
120,16,51,.314,8,18,.444,8,15,.533,8,19,27,12,8,4,6,11,48,second_half,cho
240,35,82,.427,17,47,.362,17,25,.680,6,40,46,23,4,5,19,17,104,game,brk
60,7,23,.304,4,16,.250,4,6,.667,3,11,14,5,2,3,5,3,22,q1,brk
60,11,20,.550,3,9,.333,3,4,.750,0,10,10,6,0,2,4,5,28,q2,brk
120,18,43,.419,7,25,.280,7,10,.700,3,21,24,11,2,5,9,8,50,first_half,brk
60,8,20,.400,5,12,.417,6,8,.750,2,11,13,6,0,0,7,3,27,q3,brk
60,9,19,.474,5,10,.500,4,7,.571,1,8,9,6,2,0,3,6,27,q4,brk
120,17,39,.436,10,22,.455,10,15,.667,3,19,22,12,2,0,10,9,54,second_half,brk
240,43,96,.448,10,34,.294,10,17,.588,13,39,52,35,8,3,12,25,106,game,cho
60,9,23,.391,2,10,.200,3,4,.750,3,11,14,9,3,1,5,5,23,q1,cho
60,10,25,.400,1,8,.125,4,6,.667,4,9,13,6,2,0,2,5,25,q2,cho
120,19,48,.396,3,18,.167,7,10,.700,7,20,27,15,5,1,7,10,48,first_half,cho
60,15,27,.556,3,7,.429,1,2,.500,2,7,9,13,3,1,1,8,34,q3,cho
60,9,21,.429,4,9,.444,2,5,.400,4,12,16,7,0,1,4,7,24,q4,cho
120,24,48,.500,7,16,.438,3,7,.429,6,19,25,20,3,2,5,15,58,second_half,cho
240,43,90,.478,14,39,.359,8,10,.800,10,38,48,34,10,6,15,18,108,game,mem
60,9,22,.409,3,9,.333,2,2,1.000,3,11,14,4,1,2,4,4,23,q1,mem
60,11,23,.478,4,11,.364,4,6,.667,1,8,9,11,6,2,3,2,30,q2,mem
120,20,45,.444,7,20,.350,6,8,.750,4,19,23,15,7,4,7,6,53,first_half,mem
60,13,26,.500,4,11,.364,0,0,,2,8,10,12,2,2,2,6,30,q3,mem
60,10,19,.526,3,8,.375,2,2,1.000,4,11,15,7,1,0,6,6,25,q4,mem
120,23,45,.511,7,19,.368,2,2,1.000,6,19,25,19,3,2,8,12,55,second_half,mem
240,35,86,.407,9,31,.290,14,21,.667,10,32,42,23,9,4,18,15,93,game,cho
60,7,24,.292,2,8,.250,3,7,.429,5,7,12,5,3,0,3,3,19,q1,cho
60,11,21,.524,4,7,.571,2,2,1.000,1,11,12,8,3,1,7,4,28,q2,cho
120,18,45,.400,6,15,.400,5,9,.556,6,18,24,13,6,1,10,7,47,first_half,cho
60,7,18,.389,1,8,.125,5,7,.714,2,9,11,3,1,3,6,5,20,q3,cho
60,10,23,.435,2,8,.250,4,5,.800,2,5,7,7,2,0,2,3,26,q4,cho
120,17,41,.415,3,16,.188,9,12,.750,4,14,18,10,3,3,8,8,46,second_half,cho
240,41,88,.466,11,31,.355,16,22,.727,12,35,47,20,9,6,12,19,109,game,phi
60,11,27,.407,3,9,.333,2,4,.500,5,9,14,3,2,2,1,6,27,q1,phi
60,12,21,.571,2,7,.286,7,8,.875,1,9,10,8,1,1,3,5,33,q2,phi
120,23,48,.479,5,16,.312,9,12,.750,6,18,24,11,3,3,4,11,60,first_half,phi
60,11,23,.478,3,9,.333,1,2,.500,3,8,11,7,3,3,2,4,26,q3,phi
60,7,17,.412,3,6,.500,6,8,.750,3,9,12,2,3,0,6,4,23,q4,phi
120,18,40,.450,6,15,.400,7,10,.700,6,17,23,9,6,3,8,8,49,second_half,phi
240,32,83,.386,8,29,.276,17,23,.739,13,30,43,19,6,4,16,23,89,game,nyk
60,10,24,.417,3,9,.333,4,7,.571,4,10,14,4,1,2,2,3,27,q1,nyk
60,10,23,.435,3,9,.333,5,7,.714,5,5,10,6,1,0,4,8,28,q2,nyk
120,20,47,.426,6,18,.333,9,14,.643,9,15,24,10,2,2,6,11,55,first_half,nyk
60,6,19,.316,1,4,.250,1,2,.500,3,7,10,4,1,2,6,4,14,q3,nyk
60,6,17,.353,1,7,.143,7,7,1.000,1,8,9,5,3,0,4,8,20,q4,nyk
120,12,36,.333,2,11,.182,8,9,.889,4,15,19,9,4,2,10,12,34,second_half,nyk
240,41,95,.432,7,38,.184,21,29,.724,17,27,44,24,7,5,11,21,110,game,mil
60,11,23,.478,2,11,.182,3,5,.600,3,7,10,6,1,3,3,5,27,q1,mil
60,8,24,.333,1,8,.125,1,2,.500,2,10,12,5,2,0,3,6,18,q2,mil
120,19,47,.404,3,19,.158,4,7,.571,5,17,22,11,3,3,6,11,45,first_half,mil
60,9,25,.360,2,12,.167,10,14,.714,7,6,13,6,1,0,2,6,30,q3,mil
60,13,23,.565,2,7,.286,7,8,.875,5,4,9,7,3,2,3,4,35,q4,mil
120,22,48,.458,4,19,.211,17,22,.773,12,10,22,13,4,2,5,10,65,second_half,mil
240,46,85,.541,16,27,.593,22,27,.815,8,38,46,27,5,4,15,23,130,game,nyk
60,11,21,.524,3,7,.429,5,5,1.000,2,9,11,4,2,1,4,3,30,q1,nyk
60,9,21,.429,5,7,.714,8,10,.800,1,14,15,8,2,1,2,2,31,q2,nyk
120,20,42,.476,8,14,.571,13,15,.867,3,23,26,12,4,2,6,5,61,first_half,nyk
60,13,20,.650,4,7,.571,5,8,.625,1,9,10,8,0,1,4,12,35,q3,nyk
60,13,23,.565,4,6,.667,4,4,1.000,4,6,10,7,1,1,5,6,34,q4,nyk
120,26,43,.605,8,13,.615,9,12,.750,5,15,20,15,1,2,9,18,69,second_half,nyk
240,37,99,.374,10,33,.303,15,23,.652,13,34,47,26,6,6,18,24,99,game,gsw
60,9,28,.321,2,10,.200,5,6,.833,4,8,12,5,2,0,3,5,25,q1,gsw
60,8,25,.320,2,7,.286,2,4,.500,2,9,11,5,2,2,6,5,20,q2,gsw
120,17,53,.321,4,17,.235,7,10,.700,6,17,23,10,4,2,9,10,45,first_half,gsw
60,10,22,.455,2,8,.250,4,5,.800,2,7,9,9,2,4,7,10,26,q3,gsw
60,10,24,.417,4,8,.500,4,8,.500,5,10,15,7,0,0,2,4,28,q4,gsw
120,20,46,.435,6,16,.375,8,13,.615,7,17,24,16,2,4,9,14,54,second_half,gsw
240,42,92,.457,15,35,.429,26,32,.813,13,44,57,24,11,7,20,22,125,game,brk
60,14,24,.583,7,12,.583,5,5,1.000,1,12,13,7,2,1,5,4,40,q1,brk
60,9,23,.391,2,8,.250,3,4,.750,3,12,15,4,3,5,8,6,23,q2,brk
120,23,47,.489,9,20,.450,8,9,.889,4,24,28,11,5,6,13,10,63,first_half,brk
60,10,20,.500,3,5,.600,13,18,.722,3,11,14,7,5,1,4,5,36,q3,brk
60,9,25,.360,3,10,.300,5,5,1.000,6,9,15,6,1,0,3,7,26,q4,brk
120,19,45,.422,6,15,.400,18,23,.783,9,20,29,13,6,1,7,12,62,second_half,brk
265,42,98,.429,10,29,.345,22,29,.759,16,40,56,20,10,4,19,17,116,game,mem
60,12,26,.462,4,9,.444,4,6,.667,4,11,15,7,2,2,3,3,32,q1,mem
60,8,23,.348,2,5,.400,4,6,.667,7,7,14,3,1,1,6,3,22,q2,mem
120,20,49,.408,6,14,.429,8,12,.667,11,18,29,10,3,3,9,6,54,first_half,mem
60,11,21,.524,3,7,.429,8,9,.889,3,8,11,6,3,0,6,7,33,q3,mem
60,8,18,.444,1,7,.143,2,2,1.000,0,9,9,4,1,0,2,3,19,q4,mem
120,19,39,.487,4,14,.286,10,11,.909,3,17,20,10,4,0,8,10,52,second_half,mem
265,41,100,.410,14,42,.333,15,17,.882,13,37,50,28,13,6,17,20,111,game,brk
60,8,22,.364,4,10,.400,3,4,.750,2,10,12,7,3,2,4,4,23,q1,brk
60,12,22,.545,4,11,.364,4,4,1.000,1,9,10,11,5,3,2,3,32,q2,brk
120,20,44,.455,8,21,.381,7,8,.875,3,19,22,18,8,5,6,7,55,first_half,brk
60,11,25,.440,2,6,.333,6,7,.857,6,6,12,6,2,0,6,6,30,q3,brk
60,8,21,.381,3,11,.273,2,2,1.000,3,8,11,3,2,1,1,3,21,q4,brk
120,19,46,.413,5,17,.294,8,9,.889,9,14,23,9,4,1,7,9,51,second_half,brk
240,47,99,.475,18,46,.391,29,35,.829,17,37,54,27,5,2,12,19,141,game,atl
60,16,24,.667,5,10,.500,4,5,.800,2,11,13,9,1,1,5,5,41,q1,atl
60,9,26,.346,4,11,.364,5,6,.833,5,11,16,4,1,1,2,3,27,q2,atl
120,25,50,.500,9,21,.429,9,11,.818,7,22,29,13,2,2,7,8,68,first_half,atl
60,12,25,.480,6,13,.462,6,10,.600,3,8,11,8,3,0,2,4,36,q3,atl
60,10,24,.417,3,12,.250,14,14,1.000,7,7,14,6,0,0,3,7,37,q4,atl
120,22,49,.449,9,25,.360,20,24,.833,10,15,25,14,3,0,5,11,73,second_half,atl
240,54,100,.540,19,41,.463,18,23,.783,9,31,40,30,6,3,8,24,145,game,brk
60,15,30,.500,4,10,.400,4,5,.800,3,6,9,8,2,1,1,4,38,q1,brk
60,12,26,.462,5,11,.455,0,1,.000,2,9,11,7,1,1,2,5,29,q2,brk
120,27,56,.482,9,21,.429,4,6,.667,5,15,20,15,3,2,3,9,67,first_half,brk
60,13,22,.591,5,10,.500,4,6,.667,3,9,12,9,2,1,4,6,35,q3,brk
60,14,22,.636,5,10,.500,10,11,.909,1,7,8,6,1,0,1,9,43,q4,brk
120,27,44,.614,10,20,.500,14,17,.824,4,16,20,15,3,1,5,15,78,second_half,brk
240,43,93,.462,16,39,.410,12,14,.857,10,38,48,24,8,3,9,20,114,game,atl
60,13,27,.481,3,9,.333,0,0,,3,10,13,5,3,0,4,5,29,q1,atl
60,10,20,.500,4,8,.500,8,8,1.000,2,8,10,7,3,0,3,6,32,q2,atl
120,23,47,.489,7,17,.412,8,8,1.000,5,18,23,12,6,0,7,11,61,first_half,atl
60,11,26,.423,4,11,.364,2,2,1.000,4,13,17,6,1,3,1,4,28,q3,atl
60,9,20,.450,5,11,.455,2,4,.500,1,7,8,6,1,0,1,5,25,q4,atl
120,20,46,.435,9,22,.409,4,6,.667,5,20,25,12,2,3,2,9,53,second_half,atl
240,35,86,.407,7,37,.189,19,23,.826,10,35,45,19,6,6,15,16,96,game,brk
60,10,26,.385,0,10,.000,3,3,1.000,5,10,15,5,3,2,6,2,23,q1,brk
60,10,18,.556,1,6,.167,8,10,.800,0,7,7,6,1,0,4,6,29,q2,brk
120,20,44,.455,1,16,.062,11,13,.846,5,17,22,11,4,2,10,8,52,first_half,brk
60,7,23,.304,4,13,.308,3,4,.750,2,10,12,3,1,2,3,3,21,q3,brk
60,8,19,.421,2,8,.250,5,6,.833,3,8,11,5,1,2,2,5,23,q4,brk
120,15,42,.357,6,21,.286,8,10,.800,5,18,23,8,2,4,5,8,44,second_half,brk
240,43,104,.413,12,33,.364,25,34,.735,13,36,49,27,9,3,7,22,123,game,was
60,11,30,.367,3,9,.333,4,6,.667,4,13,17,7,1,1,1,6,29,q1,was
60,12,22,.545,6,8,.750,11,15,.733,1,5,6,10,3,1,2,6,41,q2,was
120,23,52,.442,9,17,.529,15,21,.714,5,18,23,17,4,2,3,12,70,first_half,was
60,10,28,.357,1,9,.111,3,3,1.000,2,8,10,6,4,1,2,4,24,q3,was
60,10,24,.417,2,7,.286,7,10,.700,6,10,16,4,1,0,2,6,29,q4,was
120,20,52,.385,3,16,.188,10,13,.769,8,18,26,10,5,1,4,10,53,second_half,was
240,40,81,.494,14,32,.438,28,31,.903,7,44,51,25,5,9,20,24,122,game,brk
60,8,21,.381,4,10,.400,8,10,.800,1,13,14,7,0,4,4,6,28,q1,brk
60,15,23,.652,5,6,.833,8,8,1.000,3,12,15,11,1,3,5,9,43,q2,brk
120,23,44,.523,9,16,.562,16,18,.889,4,25,29,18,1,7,9,15,71,first_half,brk
60,7,16,.438,3,7,.429,5,5,1.000,1,12,13,3,2,0,9,2,22,q3,brk
60,10,21,.476,2,9,.222,7,8,.875,2,7,9,4,2,2,2,7,29,q4,brk
120,17,37,.459,5,16,.312,12,13,.923,3,19,22,7,4,2,11,9,51,second_half,brk
240,33,85,.388,11,34,.324,19,27,.704,10,32,42,17,6,3,16,18,96,game,uta
60,4,21,.190,1,7,.143,5,6,.833,1,5,6,3,0,0,2,4,14,q1,uta
60,12,22,.545,3,8,.375,3,5,.600,3,9,12,6,2,2,5,3,30,q2,uta
120,16,43,.372,4,15,.267,8,11,.727,4,14,18,9,2,2,7,7,44,first_half,uta
60,10,27,.370,5,12,.417,4,6,.667,5,11,16,6,0,1,3,5,29,q3,uta
60,7,15,.467,2,7,.286,7,10,.700,1,7,8,2,4,0,6,6,23,q4,uta
120,17,42,.405,7,19,.368,11,16,.688,6,18,24,8,4,1,9,11,52,second_half,uta
240,52,93,.559,14,36,.389,12,16,.750,8,43,51,31,11,4,12,22,130,game,brk
60,14,20,.700,5,8,.625,2,2,1.000,1,15,16,9,2,1,4,5,35,q1,brk
60,12,27,.444,1,7,.143,3,4,.750,3,8,11,7,4,1,2,7,28,q2,brk
120,26,47,.553,6,15,.400,5,6,.833,4,23,27,16,6,2,6,12,63,first_half,brk
60,14,25,.560,4,9,.444,3,6,.500,2,12,14,4,2,2,1,5,35,q3,brk
60,12,21,.571,4,12,.333,4,4,1.000,2,8,10,11,3,0,5,5,32,q4,brk
120,26,46,.565,8,21,.381,7,10,.700,4,20,24,15,5,2,6,10,67,second_half,brk
240,43,80,.538,14,35,.400,24,29,.828,8,38,46,24,6,3,21,29,124,game,atl
60,16,23,.696,3,9,.333,7,9,.778,1,9,10,7,2,0,2,5,42,q1,atl
60,13,20,.650,7,11,.636,8,9,.889,1,9,10,8,2,1,6,5,41,q2,atl
120,29,43,.674,10,20,.500,15,18,.833,2,18,20,15,4,1,8,10,83,first_half,atl
60,8,17,.471,3,9,.333,9,10,.900,1,13,14,6,1,1,7,11,28,q3,atl
60,6,20,.300,1,6,.167,0,1,.000,5,7,12,3,1,1,6,8,13,q4,atl
120,14,37,.378,4,15,.267,9,11,.818,6,20,26,9,2,2,13,19,41,second_half,atl
240,36,87,.414,8,35,.229,24,28,.857,8,29,37,20,10,3,15,22,104,game,chi
60,10,25,.400,2,11,.182,7,8,.875,4,6,10,5,2,1,4,7,29,q1,chi
60,11,24,.458,4,10,.400,4,4,1.000,3,7,10,6,2,0,6,7,30,q2,chi
120,21,49,.429,6,21,.286,11,12,.917,7,13,20,11,4,1,10,14,59,first_half,chi
60,6,20,.300,0,8,.000,8,10,.800,0,8,8,4,4,1,3,6,20,q3,chi
60,9,18,.500,2,6,.333,5,6,.833,1,8,9,5,2,1,2,2,25,q4,chi
120,15,38,.395,2,14,.143,13,16,.812,1,16,17,9,6,2,5,8,45,second_half,chi
240,52,93,.559,9,26,.346,12,19,.632,9,40,49,34,15,4,16,26,125,game,ind
60,13,25,.520,1,7,.143,0,2,.000,2,11,13,7,2,2,2,6,27,q1,ind
60,14,21,.667,2,6,.333,9,14,.643,2,8,10,9,7,0,4,6,39,q2,ind
120,27,46,.587,3,13,.231,9,16,.562,4,19,23,16,9,2,6,12,66,first_half,ind
60,14,23,.609,4,7,.571,1,1,1.000,1,13,14,11,4,2,5,5,33,q3,ind
60,11,24,.458,2,6,.333,2,2,1.000,4,8,12,7,2,0,5,9,26,q4,ind
120,25,47,.532,6,13,.462,3,3,1.000,5,21,26,18,6,2,10,14,59,second_half,ind
240,34,91,.374,16,39,.410,22,25,.880,13,28,41,23,7,7,20,16,106,game,chi
60,9,26,.346,4,10,.400,6,7,.857,3,8,11,7,0,1,2,2,28,q1,chi
60,10,21,.476,4,9,.444,4,5,.800,3,7,10,5,2,1,9,9,28,q2,chi
120,19,47,.404,8,19,.421,10,12,.833,6,15,21,12,2,2,11,11,56,first_half,chi
60,6,23,.261,3,10,.300,0,0,,3,6,9,5,1,1,6,1,15,q3,chi
60,9,21,.429,5,10,.500,12,13,.923,4,7,11,6,4,4,3,4,35,q4,chi
120,15,44,.341,8,20,.400,12,13,.923,7,13,20,11,5,5,9,5,50,second_half,chi
240,42,104,.404,18,47,.383,27,30,.900,10,31,41,25,17,4,12,23,129,game,gsw
60,9,26,.346,2,9,.222,4,5,.800,2,8,10,7,3,1,4,8,24,q1,gsw
60,14,31,.452,7,15,.467,1,2,.500,1,9,10,8,5,1,1,2,36,q2,gsw
120,23,57,.404,9,24,.375,5,7,.714,3,17,20,15,8,2,5,10,60,first_half,gsw
60,9,23,.391,4,12,.333,11,12,.917,2,7,9,5,6,2,5,4,33,q3,gsw
60,10,24,.417,5,11,.455,11,11,1.000,5,7,12,5,3,0,2,9,36,q4,gsw
120,19,47,.404,9,23,.391,22,23,.957,7,14,21,10,9,2,7,13,69,second_half,gsw
240,44,86,.512,17,41,.415,23,31,.742,7,47,54,27,4,6,24,21,128,game,chi
60,9,18,.500,2,9,.222,7,10,.700,0,13,13,5,0,2,4,4,27,q1,chi
60,12,24,.500,4,8,.500,1,1,1.000,2,14,16,8,0,2,10,4,29,q2,chi
120,21,42,.500,6,17,.353,8,11,.727,2,27,29,13,0,4,14,8,56,first_half,chi
60,14,26,.538,8,14,.571,5,6,.833,3,11,14,10,3,1,6,7,41,q3,chi
60,9,18,.500,3,10,.300,10,14,.714,2,9,11,4,1,1,4,6,31,q4,chi
120,23,44,.523,11,24,.458,15,20,.750,5,20,25,14,4,2,10,13,72,second_half,chi
240,39,88,.443,11,42,.262,19,27,.704,11,30,41,23,6,4,15,27,108,game,dal
60,13,24,.542,3,8,.375,2,2,1.000,2,8,10,7,0,1,3,2,31,q1,dal
60,11,20,.550,3,8,.375,4,5,.800,3,9,12,6,2,2,4,8,29,q2,dal
120,24,44,.545,6,16,.375,6,7,.857,5,17,22,13,2,3,7,10,60,first_half,dal
60,7,21,.333,4,11,.364,3,4,.750,3,6,9,6,3,0,5,7,21,q3,dal
60,8,23,.348,1,15,.067,10,16,.625,3,7,10,4,1,1,3,10,27,q4,dal
120,15,44,.341,5,26,.192,13,20,.650,6,13,19,10,4,1,8,17,48,second_half,dal
240,39,85,.459,13,37,.351,27,30,.900,11,37,48,16,11,2,16,24,118,game,chi
60,13,22,.591,2,5,.400,3,4,.750,2,8,10,5,3,2,3,5,31,q1,chi
60,9,23,.391,3,10,.300,7,8,.875,3,7,10,5,4,0,2,4,28,q2,chi
120,22,45,.489,5,15,.333,10,12,.833,5,15,20,10,7,2,5,9,59,first_half,chi
60,9,19,.474,5,10,.500,4,4,1.000,2,10,12,5,3,0,6,5,27,q3,chi
60,8,21,.381,3,12,.250,13,14,.929,4,12,16,1,1,0,5,10,32,q4,chi
120,17,40,.425,8,22,.364,17,18,.944,6,22,28,6,4,0,11,15,59,second_half,chi
240,42,83,.506,7,20,.350,16,19,.842,7,36,43,25,11,2,22,21,107,game,mia
60,11,21,.524,4,6,.667,3,4,.750,1,8,9,8,5,1,5,2,29,q1,mia
60,10,18,.556,1,2,.500,3,3,1.000,1,6,7,5,3,1,7,5,24,q2,mia
120,21,39,.538,5,8,.625,6,7,.857,2,14,16,13,8,2,12,7,53,first_half,mia
60,10,20,.500,1,6,.167,9,10,.900,1,14,15,5,1,0,4,3,30,q3,mia
60,11,24,.458,1,6,.167,1,2,.500,4,8,12,7,2,0,6,11,24,q4,mia
120,21,44,.477,2,12,.167,10,12,.833,5,22,27,12,3,0,10,14,54,second_half,mia
240,42,88,.477,10,28,.357,19,30,.633,11,30,41,23,15,3,17,19,113,game,orl
60,12,22,.545,2,7,.286,1,3,.333,2,8,10,6,5,1,7,4,27,q1,orl
60,12,24,.500,2,5,.400,3,6,.500,4,5,9,5,4,1,3,4,29,q2,orl
120,24,46,.522,4,12,.333,4,9,.444,6,13,19,11,9,2,10,8,56,first_half,orl
60,8,23,.348,2,8,.250,5,6,.833,1,9,10,4,3,0,4,8,23,q3,orl
60,10,19,.526,4,8,.500,10,15,.667,4,8,12,8,3,1,3,3,34,q4,orl
120,18,42,.429,6,16,.375,15,21,.714,5,17,22,12,6,1,7,11,57,second_half,orl
240,44,91,.484,15,33,.455,13,15,.867,7,47,54,23,7,10,14,23,116,game,phi
60,13,26,.500,6,10,.600,6,6,1.000,2,13,15,9,1,3,1,7,38,q1,phi
60,14,22,.636,4,7,.571,5,7,.714,2,15,17,8,0,3,3,3,37,q2,phi
120,27,48,.562,10,17,.588,11,13,.846,4,28,32,17,1,6,4,10,75,first_half,phi
60,9,22,.409,4,8,.500,1,1,1.000,2,8,10,5,3,1,5,7,23,q3,phi
60,8,21,.381,1,8,.125,1,1,1.000,1,11,12,1,3,3,5,6,18,q4,phi
120,17,43,.395,5,16,.312,2,2,1.000,3,19,22,6,6,4,10,13,41,second_half,phi
240,33,95,.347,7,28,.250,19,21,.905,10,38,48,17,2,5,11,15,92,game,orl
60,7,23,.304,1,7,.143,7,9,.778,3,9,12,4,0,1,2,5,22,q1,orl
60,7,26,.269,2,10,.200,2,2,1.000,2,7,9,3,1,0,1,6,18,q2,orl
120,14,49,.286,3,17,.176,9,11,.818,5,16,21,7,1,1,3,11,40,first_half,orl
60,11,23,.478,3,7,.429,4,4,1.000,2,10,12,6,0,3,4,1,29,q3,orl
60,8,23,.348,1,4,.250,6,6,1.000,3,12,15,4,1,1,4,3,23,q4,orl
120,19,46,.413,4,11,.364,10,10,1.000,5,22,27,10,1,4,8,4,52,second_half,orl
240,38,86,.442,13,41,.317,19,21,.905,6,46,52,22,5,5,10,17,108,game,okc
60,8,22,.364,3,12,.250,9,9,1.000,0,11,11,4,0,1,1,3,28,q1,okc
60,9,21,.429,2,7,.286,4,5,.800,4,12,16,4,4,2,5,3,24,q2,okc
120,17,43,.395,5,19,.263,13,14,.929,4,23,27,8,4,3,6,6,52,first_half,okc
60,13,23,.565,4,11,.364,2,2,1.000,0,12,12,10,0,1,1,6,32,q3,okc
60,8,20,.400,4,11,.364,4,5,.800,2,11,13,4,1,0,3,5,24,q4,okc
120,21,43,.488,8,22,.364,6,7,.857,2,23,25,14,1,1,4,11,56,second_half,okc
240,40,108,.370,10,38,.263,9,12,.750,15,40,55,21,7,1,6,18,99,game,orl
60,12,24,.500,4,8,.500,5,7,.714,1,14,15,7,1,0,0,4,33,q1,orl
60,8,27,.296,2,10,.200,0,0,,4,8,12,3,3,1,4,4,18,q2,orl
120,20,51,.392,6,18,.333,5,7,.714,5,22,27,10,4,1,4,8,51,first_half,orl
60,12,29,.414,4,10,.400,3,3,1.000,5,8,13,8,0,0,0,3,31,q3,orl
60,8,28,.286,0,10,.000,1,2,.500,5,10,15,3,3,1,2,7,17,q4,orl
120,20,57,.351,4,20,.200,4,5,.800,10,18,28,11,3,1,2,10,48,second_half,orl
240,33,85,.388,10,28,.357,7,12,.583,9,26,35,20,12,4,14,14,83,game,cle
60,8,18,.444,1,4,.250,2,4,.500,0,7,7,5,4,1,6,1,19,q1,cle
60,13,21,.619,4,9,.444,0,0,,2,5,7,8,3,0,3,4,30,q2,cle
120,21,39,.538,5,13,.385,2,4,.500,2,12,14,13,7,1,9,5,49,first_half,cle
60,6,22,.273,3,8,.375,3,4,.750,3,6,9,4,1,1,4,6,18,q3,cle
60,6,25,.240,2,7,.286,2,4,.500,5,8,13,3,4,2,1,3,16,q4,cle
120,12,47,.255,5,15,.333,5,8,.625,8,14,22,7,5,3,5,9,34,second_half,cle
240,38,88,.432,15,34,.441,12,13,.923,18,36,54,22,9,7,19,15,103,game,orl
60,10,26,.385,4,10,.400,2,3,.667,7,9,16,4,6,1,5,2,26,q1,orl
60,10,22,.455,3,6,.500,2,2,1.000,6,5,11,7,2,0,5,4,25,q2,orl
120,20,48,.417,7,16,.438,4,5,.800,13,14,27,11,8,1,10,6,51,first_half,orl
60,14,22,.636,6,10,.600,4,4,1.000,2,9,11,9,1,4,2,5,38,q3,orl
60,4,18,.222,2,8,.250,4,4,1.000,3,13,16,2,0,2,7,4,14,q4,orl
120,18,40,.450,8,18,.444,8,8,1.000,5,22,27,11,1,6,9,9,52,second_half,orl
240,43,98,.439,13,41,.317,21,24,.875,17,31,48,24,7,4,8,25,120,game,det
60,10,24,.417,3,10,.300,2,2,1.000,3,7,10,5,0,0,1,3,25,q1,det
60,10,24,.417,3,9,.333,8,11,.727,4,6,10,6,4,1,2,7,31,q2,det
120,20,48,.417,6,19,.316,10,13,.769,7,13,20,11,4,1,3,10,56,first_half,det
60,12,25,.480,1,8,.125,6,6,1.000,5,8,13,6,1,1,1,7,31,q3,det
60,11,25,.440,6,14,.429,5,5,1.000,5,10,15,7,2,2,4,8,33,q4,det
120,23,50,.460,7,22,.318,11,11,1.000,10,18,28,13,3,3,5,15,64,second_half,det
240,40,82,.488,20,42,.476,28,32,.875,8,37,45,30,5,7,13,22,128,game,atl
60,13,21,.619,6,12,.500,1,2,.500,0,10,10,10,1,2,2,2,33,q1,atl
60,9,19,.474,6,12,.500,8,10,.800,2,11,13,6,1,1,5,7,32,q2,atl
120,22,40,.550,12,24,.500,9,12,.750,2,21,23,16,2,3,7,9,65,first_half,atl
60,11,20,.550,6,10,.600,7,8,.875,2,8,10,9,0,3,3,9,35,q3,atl
60,7,22,.318,2,8,.250,12,12,1.000,4,8,12,5,3,1,3,4,28,q4,atl
120,18,42,.429,8,18,.444,19,20,.950,6,16,22,14,3,4,6,13,63,second_half,atl
240,38,91,.418,7,29,.241,13,17,.765,15,31,46,19,10,2,15,21,96,game,cle
60,12,25,.480,1,4,.250,0,1,.000,5,7,12,4,0,0,4,6,25,q1,cle
60,7,21,.333,1,7,.143,4,4,1.000,1,9,10,4,4,0,3,6,19,q2,cle
120,19,46,.413,2,11,.182,4,5,.800,6,16,22,8,4,0,7,12,44,first_half,cle
60,10,26,.385,3,12,.250,3,3,1.000,6,5,11,6,3,2,3,4,26,q3,cle
60,9,19,.474,2,6,.333,6,9,.667,3,10,13,5,3,0,5,5,26,q4,cle
120,19,45,.422,5,18,.278,9,12,.750,9,15,24,11,6,2,8,9,52,second_half,cle
240,35,85,.412,11,32,.344,10,19,.526,15,33,48,22,9,5,20,20,91,game,atl
60,11,28,.393,5,13,.385,8,8,1.000,8,8,16,8,3,0,0,2,35,q1,atl
60,9,19,.474,1,4,.250,2,9,.222,4,13,17,4,2,2,8,6,21,q2,atl
120,20,47,.426,6,17,.353,10,17,.588,12,21,33,12,5,2,8,8,56,first_half,atl
60,8,19,.421,2,7,.286,0,1,.000,2,5,7,4,2,2,6,4,18,q3,atl
60,7,19,.368,3,8,.375,0,1,.000,1,7,8,6,2,1,6,8,17,q4,atl
120,15,38,.395,5,15,.333,0,2,.000,3,12,15,10,4,3,12,12,35,second_half,atl
240,43,85,.506,7,21,.333,20,25,.800,11,34,45,26,9,6,15,21,113,game,nyk
60,14,25,.560,1,4,.250,2,2,1.000,2,11,13,7,3,2,4,4,31,q1,nyk
60,10,24,.417,0,4,.000,3,3,1.000,2,7,9,5,2,1,1,7,23,q2,nyk
120,24,49,.490,1,8,.125,5,5,1.000,4,18,22,12,5,3,5,11,54,first_half,nyk
60,10,20,.500,3,6,.500,7,10,.700,6,7,13,8,1,1,4,5,30,q3,nyk
60,9,16,.562,3,7,.429,8,10,.800,1,9,10,6,3,2,6,5,29,q4,nyk
120,19,36,.528,6,13,.462,15,20,.750,7,16,23,14,4,3,10,10,59,second_half,nyk
240,40,87,.460,10,31,.323,18,23,.783,10,30,40,24,4,2,12,21,108,game,atl
60,11,27,.407,4,12,.333,3,3,1.000,4,9,13,8,1,0,3,1,29,q1,atl
60,11,20,.550,2,6,.333,5,6,.833,2,11,13,6,0,1,3,3,29,q2,atl
120,22,47,.468,6,18,.333,8,9,.889,6,20,26,14,1,1,6,4,58,first_half,atl
60,11,19,.579,3,6,.500,5,7,.714,2,5,7,7,2,1,2,8,30,q3,atl
60,7,21,.333,1,7,.143,5,7,.714,2,5,7,3,1,0,4,9,20,q4,atl
120,18,40,.450,4,13,.308,10,14,.714,4,10,14,10,3,1,6,17,50,second_half,atl
240,45,96,.469,11,33,.333,18,24,.750,14,31,45,23,11,5,15,21,119,game,sac
60,12,21,.571,4,10,.400,5,8,.625,1,10,11,9,1,1,4,5,33,q1,sac
60,9,25,.360,2,9,.222,6,8,.750,6,8,14,4,1,3,4,4,26,q2,sac
120,21,46,.457,6,19,.316,11,16,.688,7,18,25,13,2,4,8,9,59,first_half,sac
60,10,23,.435,3,4,.750,4,4,1.000,3,6,9,2,5,1,4,2,27,q3,sac
60,14,27,.519,2,10,.200,3,4,.750,4,7,11,8,4,0,3,10,33,q4,sac
120,24,50,.480,5,14,.357,7,8,.875,7,13,20,10,9,1,7,12,60,second_half,sac
240,45,86,.523,13,36,.361,19,25,.760,10,35,45,26,10,6,18,14,122,game,hou
60,11,22,.500,4,11,.364,6,7,.857,0,9,9,7,2,1,2,4,32,q1,hou
60,14,26,.538,3,9,.333,0,1,.000,4,10,14,7,2,2,4,5,31,q2,hou
120,25,48,.521,7,20,.350,6,8,.750,4,19,23,14,4,3,6,9,63,first_half,hou
60,11,19,.579,2,7,.286,0,0,,1,9,10,7,3,2,6,3,24,q3,hou
60,9,19,.474,4,9,.444,13,17,.765,5,7,12,5,3,1,6,2,35,q4,hou
120,20,38,.526,6,16,.375,13,17,.765,6,16,22,12,6,3,12,5,59,second_half,hou
240,35,90,.389,9,28,.321,15,21,.714,14,33,47,11,5,4,14,21,94,game,sac
60,14,23,.609,3,5,.600,5,6,.833,5,6,11,3,1,1,5,8,36,q1,sac
60,10,24,.417,3,7,.429,5,5,1.000,4,9,13,5,1,0,3,4,28,q2,sac
120,24,47,.511,6,12,.500,10,11,.909,9,15,24,8,2,1,8,12,64,first_half,sac
60,6,22,.273,2,9,.222,3,7,.429,2,7,9,1,2,2,1,4,17,q3,sac
60,5,21,.238,1,7,.143,2,3,.667,3,11,14,2,1,1,5,5,13,q4,sac
120,11,43,.256,3,16,.188,5,10,.500,5,18,23,3,3,3,6,9,30,second_half,sac
240,36,81,.444,13,41,.317,17,23,.739,6,42,48,15,10,10,13,22,102,game,hou
60,11,20,.550,6,12,.500,8,10,.800,1,4,5,5,4,2,1,3,36,q1,hou
60,11,23,.478,2,12,.167,4,8,.500,4,9,13,4,3,3,2,7,28,q2,hou
120,22,43,.512,8,24,.333,12,18,.667,5,13,18,9,7,5,3,10,64,first_half,hou
60,8,19,.421,3,7,.429,0,0,,1,15,16,2,0,3,6,6,19,q3,hou
60,6,18,.333,2,10,.200,5,5,1.000,0,14,14,4,3,2,4,6,19,q4,hou
120,14,37,.378,5,17,.294,5,5,1.000,1,29,30,6,3,5,10,12,38,second_half,hou
240,39,82,.476,16,39,.410,19,20,.950,10,41,51,24,4,3,15,31,113,game,dal
60,9,22,.409,4,12,.333,11,11,1.000,5,11,16,4,2,2,3,6,33,q1,dal
60,10,21,.476,6,10,.600,2,2,1.000,0,12,12,7,1,0,6,12,28,q2,dal
120,19,43,.442,10,22,.455,13,13,1.000,5,23,28,11,3,2,9,18,61,first_half,dal
60,8,19,.421,2,9,.222,5,6,.833,2,10,12,6,1,1,5,7,23,q3,dal
60,12,20,.600,4,8,.500,1,1,1.000,3,8,11,7,0,0,1,6,29,q4,dal
120,20,39,.513,6,17,.353,6,7,.857,5,18,23,13,1,1,6,13,52,second_half,dal
240,30,77,.390,11,40,.275,29,36,.806,7,28,35,17,5,4,12,19,100,game,hou
60,6,17,.353,3,8,.375,6,8,.750,1,6,7,3,2,1,5,7,21,q1,hou
60,10,22,.455,0,8,.000,8,12,.667,3,9,12,5,1,2,2,3,28,q2,hou
120,16,39,.410,3,16,.188,14,20,.700,4,15,19,8,3,3,7,10,49,first_half,hou
60,9,21,.429,5,11,.455,5,6,.833,0,8,8,7,2,0,3,7,28,q3,hou
60,5,17,.294,3,13,.231,10,10,1.000,3,5,8,2,0,1,2,2,23,q4,hou
120,14,38,.368,8,24,.333,15,16,.938,3,13,16,9,2,1,5,9,51,second_half,hou
240,40,92,.435,20,43,.465,23,30,.767,8,43,51,23,11,3,10,27,123,game,por
60,12,23,.522,7,10,.700,5,9,.556,2,12,14,4,2,0,2,3,36,q1,por
60,10,25,.400,5,14,.357,6,6,1.000,2,7,9,7,2,1,2,11,31,q2,por
120,22,48,.458,12,24,.500,11,15,.733,4,19,23,11,4,1,4,14,67,first_half,por
60,12,23,.522,4,10,.400,3,4,.750,2,10,12,7,4,1,4,7,31,q3,por
60,6,21,.286,4,9,.444,9,11,.818,2,14,16,5,3,1,2,6,25,q4,por
120,18,44,.409,8,19,.421,12,15,.800,4,24,28,12,7,2,6,13,56,second_half,por
240,31,79,.392,7,35,.200,29,33,.879,3,41,44,19,4,9,15,28,98,game,gsw
60,8,22,.364,3,10,.300,2,2,1.000,0,9,9,5,1,1,4,8,21,q1,gsw
60,9,19,.474,1,7,.143,15,16,.938,2,12,14,4,1,2,3,7,34,q2,gsw
120,17,41,.415,4,17,.235,17,18,.944,2,21,23,9,2,3,7,15,55,first_half,gsw
60,9,20,.450,3,9,.333,4,5,.800,1,7,8,7,1,3,4,5,25,q3,gsw
60,5,18,.278,0,9,.000,8,10,.800,0,13,13,3,1,3,4,8,18,q4,gsw
120,14,38,.368,3,18,.167,12,15,.800,1,20,21,10,2,6,8,13,43,second_half,gsw
240,41,98,.418,14,43,.326,26,33,.788,12,28,40,16,7,2,12,27,122,game,por
60,12,25,.480,4,10,.400,5,8,.625,3,5,8,4,1,0,4,9,33,q1,por
60,6,21,.286,1,10,.100,8,9,.889,1,10,11,1,1,2,3,5,21,q2,por
120,18,46,.391,5,20,.250,13,17,.765,4,15,19,5,2,2,7,14,54,first_half,por
60,12,27,.444,4,9,.444,1,2,.500,6,6,12,6,3,0,3,4,29,q3,por
60,11,25,.440,5,14,.357,12,14,.857,2,7,9,5,2,0,2,9,39,q4,por
120,23,52,.442,9,23,.391,13,16,.812,8,13,21,11,5,0,5,13,68,second_half,por
240,49,88,.557,13,34,.382,26,34,.765,11,42,53,23,4,7,15,24,137,game,gsw
60,13,21,.619,2,6,.333,8,10,.800,4,10,14,3,1,3,5,5,36,q1,gsw
60,11,24,.458,3,9,.333,5,5,1.000,1,13,14,8,1,1,3,6,30,q2,gsw
120,24,45,.533,5,15,.333,13,15,.867,5,23,28,11,2,4,8,11,66,first_half,gsw
60,12,23,.522,3,10,.300,4,6,.667,5,9,14,6,1,3,5,3,31,q3,gsw
60,13,20,.650,5,9,.556,9,13,.692,1,10,11,6,1,0,2,10,40,q4,gsw
120,25,43,.581,8,19,.421,13,19,.684,6,19,25,12,2,3,7,13,71,second_half,gsw
240,34,90,.378,10,35,.286,28,39,.718,11,41,52,20,5,6,14,20,106,game,sac
60,5,18,.278,2,8,.250,8,12,.667,2,9,11,3,0,1,6,7,20,q1,sac
60,8,23,.348,2,10,.200,10,13,.769,2,10,12,6,3,2,2,3,28,q2,sac
120,13,41,.317,4,18,.222,18,25,.720,4,19,23,9,3,3,8,10,48,first_half,sac
60,8,20,.400,3,8,.375,8,8,1.000,2,12,14,4,2,2,4,7,27,q3,sac
60,13,29,.448,3,9,.333,2,6,.333,5,10,15,6,0,1,2,3,31,q4,sac
120,21,49,.429,6,17,.353,10,14,.714,7,22,29,10,2,3,6,10,58,second_half,sac
240,51,97,.526,23,43,.535,12,14,.857,3,45,48,41,4,6,11,28,137,game,gsw
60,13,27,.481,5,12,.417,6,7,.857,3,10,13,10,2,3,1,7,37,q1,gsw
60,13,22,.591,3,4,.750,2,3,.667,0,11,11,9,1,1,5,8,31,q2,gsw
120,26,49,.531,8,16,.500,8,10,.800,3,21,24,19,3,4,6,15,68,first_half,gsw
60,11,24,.458,6,12,.500,4,4,1.000,0,10,10,9,1,1,2,6,32,q3,gsw
60,14,24,.583,9,15,.600,0,0,,0,14,14,13,0,1,3,7,37,q4,gsw
120,25,48,.521,15,27,.556,4,4,1.000,0,24,24,22,1,2,5,13,69,second_half,gsw
240,43,94,.457,19,50,.380,15,19,.789,12,47,59,24,3,3,11,16,120,game,uta
60,13,27,.481,6,12,.500,0,2,.000,3,14,17,6,0,2,1,5,32,q1,uta
60,11,23,.478,7,16,.438,4,4,1.000,2,13,15,5,1,0,3,4,33,q2,uta
120,24,50,.480,13,28,.464,4,6,.667,5,27,32,11,1,2,4,9,65,first_half,uta
60,11,24,.458,3,12,.250,4,4,1.000,4,10,14,9,2,1,3,2,29,q3,uta
60,8,20,.400,3,10,.300,7,9,.778,3,10,13,4,0,0,4,5,26,q4,uta
120,19,44,.432,6,22,.273,11,13,.846,7,20,27,13,2,1,7,7,55,second_half,uta
240,37,92,.402,12,33,.364,14,17,.824,6,34,40,23,6,3,6,18,100,game,por
60,9,24,.375,5,10,.500,2,5,.400,1,10,11,7,1,2,1,3,25,q1,por
60,7,21,.333,1,8,.125,4,4,1.000,1,8,9,7,1,0,2,5,19,q2,por
120,16,45,.356,6,18,.333,6,9,.667,2,18,20,14,2,2,3,8,44,first_half,por
60,10,24,.417,2,7,.286,2,2,1.000,2,7,9,5,2,0,2,4,24,q3,por
60,11,23,.478,4,8,.500,6,6,1.000,2,9,11,4,2,1,1,6,32,q4,por
120,21,47,.447,6,15,.400,8,8,1.000,4,16,20,9,4,1,3,10,56,second_half,por
265,45,87,.517,11,35,.314,25,32,.781,10,32,42,27,5,5,16,22,126,game,hou
60,12,19,.632,3,6,.500,4,4,1.000,0,10,10,9,1,1,4,4,31,q1,hou
60,12,22,.545,3,10,.300,10,13,.769,4,6,10,6,1,3,2,7,37,q2,hou
120,24,41,.585,6,16,.375,14,17,.824,4,16,20,15,2,4,6,11,68,first_half,hou
60,4,18,.222,0,9,.000,9,13,.692,1,8,9,2,3,1,4,5,17,q3,hou
60,12,21,.571,2,5,.400,2,2,1.000,4,6,10,7,0,0,3,6,28,q4,hou
120,16,39,.410,2,14,.143,11,15,.733,5,14,19,9,3,1,7,11,45,second_half,hou
265,47,102,.461,19,45,.422,15,23,.652,11,34,45,27,10,5,13,20,128,game,por
60,10,27,.370,5,13,.385,2,4,.500,5,7,12,7,1,1,2,2,27,q1,por
60,11,22,.500,4,7,.571,5,7,.714,1,6,7,4,2,1,3,7,31,q2,por
120,21,49,.429,9,20,.450,7,11,.636,6,13,19,11,3,2,5,9,58,first_half,por
60,8,20,.400,6,15,.400,4,6,.667,1,15,16,3,3,2,7,7,26,q3,por
60,11,22,.500,3,7,.429,4,6,.667,2,4,6,8,2,2,1,3,29,q4,por
120,19,42,.452,9,22,.409,8,12,.667,3,19,22,11,5,4,8,10,55,second_half,por
240,40,91,.440,16,41,.390,15,18,.833,11,41,52,27,5,5,15,19,111,game,chi
60,8,26,.308,2,10,.200,3,4,.750,3,7,10,6,1,1,3,6,21,q1,chi
60,9,21,.429,5,11,.455,1,2,.500,3,12,15,7,1,4,5,4,24,q2,chi
120,17,47,.362,7,21,.333,4,6,.667,6,19,25,13,2,5,8,10,45,first_half,chi
60,13,21,.619,6,8,.750,4,5,.800,2,10,12,7,1,0,4,4,36,q3,chi
60,10,23,.435,3,12,.250,7,7,1.000,3,12,15,7,2,0,3,5,30,q4,chi
120,23,44,.523,9,20,.450,11,12,.917,5,22,27,14,3,0,7,9,66,second_half,chi
240,39,94,.415,19,51,.373,11,17,.647,10,36,46,23,8,3,11,16,108,game,por
60,14,25,.560,8,15,.533,3,4,.750,4,13,17,8,3,2,4,4,39,q1,por
60,6,24,.250,3,10,.300,0,0,,2,9,11,3,1,0,4,4,15,q2,por
120,20,49,.408,11,25,.440,3,4,.750,6,22,28,11,4,2,8,8,54,first_half,por
60,12,22,.545,5,10,.500,2,6,.333,1,6,7,10,2,0,1,3,31,q3,por
60,7,23,.304,3,16,.188,6,7,.857,3,8,11,2,2,1,2,5,23,q4,por
120,19,45,.422,8,26,.308,8,13,.615,4,14,18,12,4,1,3,8,54,second_half,por
240,43,86,.500,13,36,.361,11,14,.786,8,35,43,24,9,6,16,19,110,game,uta
60,10,22,.455,1,6,.167,1,2,.500,2,10,12,5,3,1,4,4,22,q1,uta
60,11,25,.440,3,10,.300,2,2,1.000,1,9,10,4,1,2,2,4,27,q2,uta
120,21,47,.447,4,16,.250,3,4,.750,3,19,22,9,4,3,6,8,49,first_half,uta
60,12,20,.600,7,12,.583,4,6,.667,3,9,12,9,2,1,8,7,35,q3,uta
60,10,19,.526,2,8,.250,4,4,1.000,2,7,9,6,3,2,2,4,26,q4,uta
120,22,39,.564,9,20,.450,8,10,.800,5,16,21,15,5,3,10,11,61,second_half,uta
240,40,86,.465,15,38,.395,14,19,.737,7,30,37,21,9,5,15,16,109,game,okc
60,9,20,.450,5,13,.385,1,2,.500,1,9,10,7,0,1,5,5,24,q1,okc
60,9,21,.429,5,9,.556,5,7,.714,1,10,11,5,0,1,3,2,28,q2,okc
120,18,41,.439,10,22,.455,6,9,.667,2,19,21,12,0,2,8,7,52,first_half,okc
60,13,23,.565,1,7,.143,8,10,.800,3,6,9,4,7,1,3,4,35,q3,okc
60,9,22,.409,4,9,.444,0,0,,2,5,7,5,2,2,4,5,22,q4,okc
120,22,45,.489,5,16,.312,8,10,.800,5,11,16,9,9,3,7,9,57,second_half,okc
240,49,96,.510,7,22,.318,13,16,.813,12,34,46,26,12,2,11,23,118,game,orl
60,15,24,.625,3,6,.500,1,3,.333,2,10,12,8,2,2,2,3,34,q1,orl
60,9,22,.409,2,5,.400,6,6,1.000,2,6,8,5,4,0,3,5,26,q2,orl
120,24,46,.522,5,11,.455,7,9,.778,4,16,20,13,6,2,5,8,60,first_half,orl
60,11,22,.500,1,5,.200,4,4,1.000,2,6,8,6,5,0,5,6,27,q3,orl
60,14,28,.500,1,6,.167,2,3,.667,6,12,18,7,1,0,1,9,31,q4,orl
120,25,50,.500,2,11,.182,6,7,.857,8,18,26,13,6,0,6,15,58,second_half,orl
240,43,87,.494,11,34,.324,10,19,.526,10,37,47,20,3,7,20,18,107,game,okc
60,11,24,.458,3,7,.429,2,2,1.000,1,8,9,5,0,1,3,3,27,q1,okc
60,12,23,.522,2,11,.182,3,3,1.000,3,11,14,5,2,1,5,4,29,q2,okc
120,23,47,.489,5,18,.278,5,5,1.000,4,19,23,10,2,2,8,7,56,first_half,okc
60,12,23,.522,4,8,.500,1,1,1.000,5,9,14,6,1,1,8,6,29,q3,okc
60,8,17,.471,2,8,.250,4,13,.308,1,9,10,4,0,4,4,5,22,q4,okc
120,20,40,.500,6,16,.375,5,14,.357,6,18,24,10,1,5,12,11,51,second_half,okc
240,44,91,.484,13,36,.361,12,19,.632,14,44,58,23,9,4,13,16,113,game,nop
60,13,26,.500,2,6,.333,4,7,.571,5,10,15,8,1,0,2,2,32,q1,nop
60,11,23,.478,3,10,.300,1,1,1.000,2,11,13,3,2,1,4,2,26,q2,nop
120,24,49,.490,5,16,.312,5,8,.625,7,21,28,11,3,1,6,4,58,first_half,nop
60,10,24,.417,2,10,.200,5,7,.714,5,10,15,6,1,2,2,6,27,q3,nop
60,10,18,.556,6,10,.600,2,4,.500,2,13,15,6,5,1,5,6,28,q4,nop
120,20,42,.476,8,20,.400,7,11,.636,7,23,30,12,6,3,7,12,55,second_half,nop
240,30,80,.375,15,48,.313,5,15,.333,7,33,40,24,6,3,19,20,80,game,okc
60,10,21,.476,7,16,.438,1,3,.333,2,7,9,9,1,0,5,4,28,q1,okc
60,7,20,.350,4,13,.308,1,2,.500,1,9,10,6,1,1,5,5,19,q2,okc
120,17,41,.415,11,29,.379,2,5,.400,3,16,19,15,2,1,10,9,47,first_half,okc
60,10,23,.435,3,10,.300,3,6,.500,3,10,13,6,1,1,2,5,26,q3,okc
60,3,16,.188,1,9,.111,0,4,.000,1,7,8,3,3,1,7,6,7,q4,okc
120,13,39,.333,4,19,.211,3,10,.300,4,17,21,9,4,2,9,11,33,second_half,okc
240,45,101,.446,13,29,.448,13,18,.722,12,28,40,21,9,5,9,28,116,game,min
60,11,24,.458,3,6,.500,6,7,.857,3,8,11,3,3,3,2,5,31,q1,min
60,14,26,.538,8,14,.571,1,2,.500,1,6,7,10,4,0,2,8,37,q2,min
120,25,50,.500,11,20,.550,7,9,.778,4,14,18,13,7,3,4,13,68,first_half,min
60,8,25,.320,2,6,.333,2,4,.500,4,5,9,5,1,1,1,9,20,q3,min
60,12,26,.462,0,3,.000,4,5,.800,4,9,13,3,1,1,4,6,28,q4,min
120,20,51,.392,2,9,.222,6,9,.667,8,14,22,8,2,2,5,15,48,second_half,min
240,36,94,.383,10,34,.294,29,37,.784,19,38,57,15,5,4,18,20,111,game,uta
60,10,24,.417,3,6,.500,4,4,1.000,4,8,12,7,1,2,7,4,27,q1,uta
60,7,21,.333,2,9,.222,10,12,.833,4,9,13,3,0,0,5,4,26,q2,uta
120,17,45,.378,5,15,.333,14,16,.875,8,17,25,10,1,2,12,8,53,first_half,uta
60,8,25,.320,1,10,.100,9,12,.750,9,12,21,2,1,1,4,8,26,q3,uta
60,11,24,.458,4,9,.444,6,9,.667,3,9,12,3,3,1,2,5,32,q4,uta
120,19,49,.388,5,19,.263,15,21,.714,12,21,33,5,4,2,6,13,58,second_half,uta
240,41,84,.488,17,33,.515,7,10,.700,5,36,41,26,5,6,15,17,106,game,pho
60,9,23,.391,3,8,.375,0,0,,2,9,11,4,2,0,4,6,21,q1,pho
60,12,21,.571,4,10,.400,4,5,.800,1,9,10,7,1,1,3,3,32,q2,pho
120,21,44,.477,7,18,.389,4,5,.800,3,18,21,11,3,1,7,9,53,first_half,pho
60,11,23,.478,5,7,.714,3,4,.750,2,8,10,9,2,1,3,5,30,q3,pho
60,9,17,.529,5,8,.625,0,1,.000,0,10,10,6,0,4,5,3,23,q4,pho
120,20,40,.500,10,15,.667,3,5,.600,2,18,20,15,2,5,8,8,53,second_half,pho
240,35,84,.417,12,34,.353,13,19,.684,10,36,46,16,8,3,13,15,95,game,uta
60,8,18,.444,1,5,.200,5,9,.556,1,11,12,3,3,1,3,2,22,q1,uta
60,7,20,.350,2,7,.286,2,2,1.000,2,8,10,3,1,1,6,5,18,q2,uta
120,15,38,.395,3,12,.250,7,11,.636,3,19,22,6,4,2,9,7,40,first_half,uta
60,11,22,.500,4,10,.400,4,6,.667,3,8,11,6,1,0,3,4,30,q3,uta
60,9,24,.375,5,12,.417,2,2,1.000,4,9,13,4,3,1,1,4,25,q4,uta
120,20,46,.435,9,22,.409,6,8,.750,7,17,24,10,4,1,4,8,55,second_half,uta
240,33,85,.388,13,33,.394,21,24,.875,12,31,43,19,6,8,8,16,100,game,lac
60,6,24,.250,3,7,.429,4,4,1.000,3,5,8,4,1,2,1,3,19,q1,lac
60,8,20,.400,3,9,.333,4,6,.667,1,8,9,5,4,3,1,2,23,q2,lac
120,14,44,.318,6,16,.375,8,10,.800,4,13,17,9,5,5,2,5,42,first_half,lac
60,7,20,.350,3,6,.500,6,7,.857,4,8,12,4,0,2,4,3,23,q3,lac
60,12,21,.571,4,11,.364,7,7,1.000,4,10,14,6,1,1,2,8,35,q4,lac
120,19,41,.463,7,17,.412,13,14,.929,8,18,26,10,1,3,6,11,58,second_half,lac
240,41,89,.461,15,42,.357,9,14,.643,13,33,46,28,3,3,13,20,106,game,uta
60,13,25,.520,5,9,.556,0,0,,4,10,14,6,1,2,3,6,31,q1,uta
60,7,19,.368,5,13,.385,1,2,.500,3,11,14,6,1,1,7,7,20,q2,uta
120,20,44,.455,10,22,.455,1,2,.500,7,21,28,12,2,3,10,13,51,first_half,uta
60,13,26,.500,4,12,.333,3,5,.600,5,8,13,8,0,0,1,3,33,q3,uta
60,8,19,.421,1,8,.125,5,7,.714,1,4,5,8,1,0,2,4,22,q4,uta
120,21,45,.467,5,20,.250,8,12,.667,6,12,18,16,1,0,3,7,55,second_half,uta
240,38,89,.427,11,36,.306,8,8,1.000,4,43,47,26,5,10,15,23,95,game,sas
60,7,22,.318,2,7,.286,2,2,1.000,1,14,15,6,1,2,3,2,18,q1,sas
60,11,23,.478,5,12,.417,0,0,,0,8,8,9,1,2,4,8,27,q2,sas
120,18,45,.400,7,19,.368,2,2,1.000,1,22,23,15,2,4,7,10,45,first_half,sas
60,8,17,.471,4,8,.500,6,6,1.000,1,11,12,6,0,2,7,6,26,q3,sas
60,12,27,.444,0,9,.000,0,0,,2,10,12,5,3,4,1,7,24,q4,sas
120,20,44,.455,4,17,.235,6,6,1.000,3,21,24,11,3,6,8,13,50,second_half,sas
240,36,94,.383,5,24,.208,21,29,.724,13,43,56,15,11,4,8,16,98,game,nop
60,6,25,.240,1,12,.083,3,4,.750,5,12,17,4,3,1,2,2,16,q1,nop
60,10,23,.435,1,1,1.000,10,11,.909,3,11,14,4,3,0,1,2,31,q2,nop
120,16,48,.333,2,13,.154,13,15,.867,8,23,31,8,6,1,3,4,47,first_half,nop
60,13,25,.520,3,7,.429,3,4,.750,2,8,10,5,4,1,1,8,32,q3,nop
60,7,21,.333,0,4,.000,5,10,.500,3,12,15,2,1,2,4,4,19,q4,nop
120,20,46,.435,3,11,.273,8,14,.571,5,20,25,7,5,3,5,12,51,second_half,nop
240,38,91,.418,14,48,.292,26,27,.963,10,30,40,21,6,4,9,29,116,game,tor
60,9,22,.409,3,12,.250,5,5,1.000,1,8,9,5,0,0,4,6,26,q1,tor
60,13,26,.500,4,13,.308,4,4,1.000,4,8,12,7,3,0,0,5,34,q2,tor
120,22,48,.458,7,25,.280,9,9,1.000,5,16,21,12,3,0,4,11,60,first_half,tor
60,6,22,.273,2,11,.182,8,8,1.000,3,8,11,3,1,3,1,5,22,q3,tor
60,10,21,.476,5,12,.417,9,10,.900,2,5,7,6,2,1,3,13,34,q4,tor
120,16,43,.372,7,23,.304,17,18,.944,5,13,18,9,3,4,4,18,56,second_half,tor
240,35,83,.422,14,38,.368,36,47,.766,14,36,50,26,6,7,12,18,120,game,nop
60,10,23,.435,6,13,.462,6,7,.857,4,9,13,6,3,1,4,5,32,q1,nop
60,8,26,.308,3,12,.250,4,6,.667,6,6,12,7,0,3,3,3,23,q2,nop
120,18,49,.367,9,25,.360,10,13,.769,10,15,25,13,3,4,7,8,55,first_half,nop
60,12,21,.571,3,6,.500,5,6,.833,1,13,14,8,0,1,1,3,32,q3,nop
60,5,13,.385,2,7,.286,21,28,.750,4,8,12,5,2,2,4,7,33,q4,nop
120,17,34,.500,5,13,.385,26,34,.765,5,21,26,13,2,3,5,10,65,second_half,nop
265,45,93,.484,19,45,.422,9,13,.692,5,37,42,32,10,8,14,27,118,game,ind
60,10,22,.455,4,8,.500,2,4,.500,1,7,8,7,3,3,2,6,26,q1,ind
60,10,21,.476,3,12,.250,4,5,.800,1,9,10,6,3,1,3,7,27,q2,ind
120,20,43,.465,7,20,.350,6,9,.667,2,16,18,13,6,4,5,13,53,first_half,ind
60,10,24,.417,6,12,.500,0,0,,2,9,11,7,0,1,1,5,26,q3,ind
60,10,18,.556,5,10,.500,2,3,.667,1,10,11,9,3,3,7,8,27,q4,ind
120,20,42,.476,11,22,.500,2,3,.667,3,19,22,16,3,4,8,13,53,second_half,ind
265,44,101,.436,9,27,.333,19,24,.792,16,41,57,26,5,4,18,20,116,game,nop
60,9,23,.391,3,6,.500,3,5,.600,5,10,15,6,1,1,6,4,24,q1,nop
60,10,24,.417,1,6,.167,6,7,.857,5,10,15,4,1,0,5,7,27,q2,nop
120,19,47,.404,4,12,.333,9,12,.750,10,20,30,10,2,1,11,11,51,first_half,nop
60,10,22,.455,1,6,.167,5,5,1.000,1,11,12,8,0,3,1,3,26,q3,nop
60,10,23,.435,4,7,.571,5,6,.833,3,7,10,7,2,0,4,4,29,q4,nop
120,20,45,.444,5,13,.385,10,11,.909,4,18,22,15,2,3,5,7,55,second_half,nop
240,44,96,.458,15,41,.366,11,15,.733,10,36,46,32,8,9,11,23,114,game,tor
60,16,26,.615,4,8,.500,3,4,.750,5,7,12,13,4,1,2,5,39,q1,tor
60,7,23,.304,2,12,.167,3,4,.750,2,13,15,4,1,1,5,5,19,q2,tor
120,23,49,.469,6,20,.300,6,8,.750,7,20,27,17,5,2,7,10,58,first_half,tor
60,10,24,.417,3,11,.273,5,7,.714,2,8,10,7,2,4,3,6,28,q3,tor
60,11,23,.478,6,10,.600,0,0,,1,8,9,8,1,3,1,7,28,q4,tor
120,21,47,.447,9,21,.429,5,7,.714,3,16,19,15,3,7,4,13,56,second_half,tor
240,47,100,.470,14,34,.412,11,16,.688,14,39,53,36,4,3,16,20,119,game,sas
60,13,26,.500,4,11,.364,3,3,1.000,4,4,8,10,1,0,4,6,33,q1,sas
60,12,27,.444,4,8,.500,0,0,,1,14,15,9,2,1,3,5,28,q2,sas
120,25,53,.472,8,19,.421,3,3,1.000,5,18,23,19,3,1,7,11,61,first_half,sas
60,12,23,.522,3,7,.429,3,7,.429,4,11,15,9,1,2,7,7,30,q3,sas
60,10,25,.400,3,8,.375,5,6,.833,5,10,15,8,0,0,2,2,28,q4,sas
120,22,48,.458,6,15,.400,8,13,.615,9,21,30,17,1,2,9,9,58,second_half,sas
240,46,82,.561,14,26,.538,15,20,.750,7,40,47,25,4,3,17,24,121,game,lal
60,14,24,.583,5,9,.556,2,2,1.000,2,10,12,7,2,2,2,5,35,q1,lal
60,10,21,.476,0,6,.000,8,10,.800,2,15,17,4,0,0,7,4,28,q2,lal
120,24,45,.533,5,15,.333,10,12,.833,4,25,29,11,2,2,9,9,63,first_half,lal
60,11,18,.611,6,7,.857,1,2,.500,1,7,8,10,2,1,6,8,29,q3,lal
60,11,19,.579,3,4,.750,4,6,.667,2,8,10,4,0,0,2,7,29,q4,lal
120,22,37,.595,9,11,.818,5,8,.625,3,15,18,14,2,1,8,15,58,second_half,lal
240,40,87,.460,10,24,.417,17,23,.739,7,32,39,25,8,4,10,18,107,game,sas
60,11,22,.500,2,4,.500,3,4,.750,0,8,8,11,2,1,3,4,27,q1,sas
60,11,28,.393,1,6,.167,3,5,.600,2,10,12,4,4,2,1,6,26,q2,sas
120,22,50,.440,3,10,.300,6,9,.667,2,18,20,15,6,3,4,10,53,first_half,sas
60,10,19,.526,5,8,.625,4,6,.667,3,7,10,6,2,0,3,3,29,q3,sas
60,8,18,.444,2,6,.333,7,8,.875,2,7,9,4,0,1,3,5,25,q4,sas
120,18,37,.486,7,14,.500,11,14,.786,5,14,19,10,2,1,6,8,54,second_half,sas
240,41,101,.406,14,33,.424,13,16,.813,16,42,58,27,8,7,13,20,109,game,lal
60,9,26,.346,4,7,.571,3,4,.750,6,7,13,7,3,1,4,4,25,q1,lal
60,13,26,.500,3,8,.375,4,5,.800,4,11,15,8,2,4,5,8,33,q2,lal
120,22,52,.423,7,15,.467,7,9,.778,10,18,28,15,5,5,9,12,58,first_half,lal
60,10,23,.435,1,6,.167,2,3,.667,1,11,12,6,3,1,4,5,23,q3,lal
60,9,26,.346,6,12,.500,4,4,1.000,5,13,18,6,0,1,0,3,28,q4,lal
120,19,49,.388,7,18,.389,6,7,.857,6,24,30,12,3,2,4,8,51,second_half,lal
240,36,85,.424,13,34,.382,18,26,.692,8,37,45,23,3,8,13,20,103,game,sas
60,11,20,.550,6,13,.462,3,4,.750,1,8,9,8,0,2,5,5,31,q1,sas
60,8,23,.348,2,6,.333,8,12,.667,5,8,13,5,2,1,4,6,26,q2,sas
120,19,43,.442,8,19,.421,11,16,.688,6,16,22,13,2,3,9,11,57,first_half,sas
60,10,21,.476,4,6,.667,4,6,.667,1,12,13,8,1,2,3,4,28,q3,sas
60,7,21,.333,1,9,.111,3,4,.750,1,9,10,2,0,3,1,5,18,q4,sas
120,17,42,.405,5,15,.333,7,10,.700,2,21,23,10,1,5,4,9,46,second_half,sas
240,49,89,.551,21,41,.512,11,19,.579,9,48,57,29,4,11,19,18,130,game,uta
60,11,20,.550,6,11,.545,5,6,.833,0,14,14,9,0,1,3,2,33,q1,uta
60,11,23,.478,5,11,.455,5,9,.556,4,12,16,5,1,1,5,4,32,q2,uta
120,22,43,.512,11,22,.500,10,15,.667,4,26,30,14,1,2,8,6,65,first_half,uta
60,12,22,.545,8,14,.571,1,3,.333,3,10,13,10,3,3,5,4,33,q3,uta
60,15,24,.625,2,5,.400,0,1,.000,2,12,14,5,0,6,6,8,32,q4,uta
120,27,46,.587,10,19,.526,1,4,.250,5,22,27,15,3,9,11,12,65,second_half,uta
240,44,105,.419,6,19,.316,15,21,.714,14,31,45,23,13,4,7,16,109,game,sas
60,10,25,.400,2,6,.333,1,2,.500,2,9,11,5,1,1,2,6,23,q1,sas
60,12,26,.462,1,4,.250,3,5,.600,2,7,9,7,3,2,1,6,28,q2,sas
120,22,51,.431,3,10,.300,4,7,.571,4,16,20,12,4,3,3,12,51,first_half,sas
60,11,26,.423,1,4,.250,2,2,1.000,5,8,13,6,3,1,4,2,25,q3,sas
60,11,28,.393,2,5,.400,9,12,.750,5,7,12,5,6,0,0,2,33,q4,sas
120,22,54,.407,3,9,.333,11,14,.786,10,15,25,11,9,1,4,4,58,second_half,sas
240,45,93,.484,8,35,.229,3,8,.375,7,37,44,29,5,2,12,20,101,game,det
60,14,24,.583,4,6,.667,2,3,.667,1,10,11,9,1,0,1,5,34,q1,det
60,11,25,.440,1,12,.083,0,1,.000,3,9,12,8,0,1,2,6,23,q2,det
120,25,49,.510,5,18,.278,2,4,.500,4,19,23,17,1,1,3,11,57,first_half,det
60,12,22,.545,3,8,.375,1,2,.500,1,7,8,7,3,0,5,3,28,q3,det
60,8,22,.364,0,9,.000,0,2,.000,2,11,13,5,1,1,4,6,16,q4,det
120,20,44,.455,3,17,.176,1,4,.250,3,18,21,12,4,1,9,9,44,second_half,det
240,38,88,.432,11,41,.268,24,28,.857,12,36,48,25,6,5,11,16,111,game,min
60,9,23,.391,2,11,.182,5,6,.833,4,7,11,5,0,0,3,6,25,q1,min
60,10,20,.500,2,7,.286,9,11,.818,2,10,12,6,0,1,1,3,31,q2,min
120,19,43,.442,4,18,.222,14,17,.824,6,17,23,11,0,1,4,9,56,first_half,min
60,9,21,.429,3,12,.250,3,4,.750,4,7,11,6,3,2,6,5,24,q3,min
60,10,24,.417,4,11,.364,7,7,1.000,2,12,14,8,3,2,1,2,31,q4,min
120,19,45,.422,7,23,.304,10,11,.909,6,19,25,14,6,4,7,7,55,second_half,min
240,49,89,.551,16,33,.485,16,21,.762,8,35,43,35,9,3,16,19,130,game,was
60,15,26,.577,5,8,.625,2,3,.667,1,10,11,10,1,0,0,3,37,q1,was
60,9,21,.429,1,4,.250,4,7,.571,1,8,9,5,2,2,2,4,23,q2,was
120,24,47,.511,6,12,.500,6,10,.600,2,18,20,15,3,2,2,7,60,first_half,was
60,13,21,.619,6,11,.545,8,9,.889,3,13,16,10,3,1,6,5,40,q3,was
60,12,21,.571,4,10,.400,2,2,1.000,3,4,7,10,3,0,8,7,30,q4,was
120,25,42,.595,10,21,.476,10,11,.909,6,17,23,20,6,1,14,12,70,second_half,was
240,42,88,.477,13,36,.361,12,21,.571,11,32,43,17,9,3,20,22,109,game,min
60,11,21,.524,2,7,.286,1,4,.250,2,11,13,5,0,1,4,4,25,q1,min
60,11,25,.440,5,11,.455,5,6,.833,5,10,15,6,2,1,4,7,32,q2,min
120,22,46,.478,7,18,.389,6,10,.600,7,21,28,11,2,2,8,11,57,first_half,min
60,5,19,.263,1,8,.125,3,6,.500,1,5,6,2,4,0,6,8,14,q3,min
60,15,23,.652,5,10,.500,3,5,.600,3,6,9,4,3,1,6,3,38,q4,min
120,20,42,.476,6,18,.333,6,11,.545,4,11,15,6,7,1,12,11,52,second_half,min
240,45,92,.489,19,45,.422,15,21,.714,13,30,43,34,6,4,15,11,124,game,den
60,9,25,.360,5,13,.385,6,9,.667,4,8,12,5,0,0,2,4,29,q1,den
60,11,23,.478,3,12,.250,1,2,.500,2,7,9,6,4,2,6,3,26,q2,den
120,20,48,.417,8,25,.320,7,11,.636,6,15,21,11,4,2,8,7,55,first_half,den
60,10,23,.435,4,9,.444,4,6,.667,4,6,10,9,0,1,2,2,28,q3,den
60,15,21,.714,7,11,.636,4,4,1.000,3,9,12,14,2,1,5,2,41,q4,den
120,25,44,.568,11,20,.550,8,10,.800,7,15,22,23,2,2,7,4,69,second_half,den
240,44,85,.518,10,31,.323,11,16,.688,9,27,36,30,11,6,14,17,109,game,min
60,11,22,.500,2,7,.286,4,4,1.000,1,9,10,7,1,3,1,5,28,q1,min
60,8,21,.381,2,7,.286,2,4,.500,5,8,13,5,4,1,9,4,20,q2,min
120,19,43,.442,4,14,.286,6,8,.750,6,17,23,12,5,4,10,9,48,first_half,min
60,15,23,.652,3,9,.333,3,4,.750,2,8,10,10,2,2,1,4,36,q3,min
60,10,19,.526,3,8,.375,2,4,.500,1,2,3,8,4,0,3,4,25,q4,min
120,25,42,.595,6,17,.353,5,8,.625,3,10,13,18,6,2,4,8,61,second_half,min
265,45,102,.441,10,31,.323,24,31,.774,18,36,54,27,5,7,14,29,124,game,sac
60,9,23,.391,3,9,.333,4,5,.800,4,8,12,8,0,2,4,6,25,q1,sac
60,11,26,.423,1,6,.167,5,6,.833,4,7,11,6,2,2,0,5,28,q2,sac
120,20,49,.408,4,15,.267,9,11,.818,8,15,23,14,2,4,4,11,53,first_half,sac
60,12,19,.632,2,4,.500,10,10,1.000,3,10,13,5,1,2,5,9,36,q3,sac
60,7,21,.333,4,10,.400,5,10,.500,5,8,13,6,1,0,5,7,23,q4,sac
120,19,40,.475,6,14,.429,15,20,.750,8,18,26,11,2,2,10,16,59,second_half,sac
265,47,98,.480,8,29,.276,20,24,.833,10,36,46,28,6,11,15,25,122,game,den
60,12,20,.600,3,6,.500,4,5,.800,1,11,12,9,2,2,5,4,31,q1,den
60,11,25,.440,2,6,.333,5,5,1.000,6,10,16,4,0,4,3,6,29,q2,den
120,23,45,.511,5,12,.417,9,10,.900,7,21,28,13,2,6,8,10,60,first_half,den
60,9,24,.375,3,9,.333,3,4,.750,1,2,3,7,1,2,1,7,24,q3,den
60,10,19,.526,0,6,.000,8,10,.800,1,8,9,5,3,2,4,8,28,q4,den
120,19,43,.442,3,15,.200,11,14,.786,2,10,12,12,4,4,5,15,52,second_half,den
240,41,74,.554,19,38,.500,20,24,.833,9,29,38,32,9,4,18,32,121,game,lac
60,10,18,.556,6,10,.600,6,8,.750,3,8,11,10,4,0,6,11,32,q1,lac
60,11,21,.524,6,13,.462,12,14,.857,5,9,14,8,3,1,4,7,40,q2,lac
120,21,39,.538,12,23,.522,18,22,.818,8,17,25,18,7,1,10,18,72,first_half,lac
60,10,18,.556,4,8,.500,2,2,1.000,1,7,8,7,1,2,6,10,26,q3,lac
60,10,17,.588,3,7,.429,0,0,,0,5,5,7,1,1,2,4,23,q4,lac
120,20,35,.571,7,15,.467,2,2,1.000,1,12,13,14,2,3,8,14,49,second_half,lac
240,37,81,.457,11,36,.306,23,31,.742,10,22,32,25,7,1,13,20,108,game,den
60,8,17,.471,2,6,.333,8,10,.800,2,4,6,7,3,0,5,5,26,q1,den
60,9,17,.529,2,8,.250,9,12,.750,0,5,5,8,1,1,4,10,29,q2,den
120,17,34,.500,4,14,.286,17,22,.773,2,9,11,15,4,1,9,15,55,first_half,den
60,8,25,.320,2,10,.200,6,9,.667,5,7,12,4,2,0,2,3,24,q3,den
60,12,22,.545,5,12,.417,0,0,,3,6,9,6,1,0,2,2,29,q4,den
120,20,47,.426,7,22,.318,6,9,.667,8,13,21,10,3,0,4,5,53,second_half,den
240,39,86,.453,16,39,.410,17,23,.739,5,33,38,25,8,3,15,25,111,game,hou
60,9,19,.474,5,9,.556,3,4,.750,2,7,9,7,2,1,6,7,26,q1,hou
60,12,22,.545,4,7,.571,6,8,.750,2,7,9,5,0,0,1,4,34,q2,hou
120,21,41,.512,9,16,.562,9,12,.750,4,14,18,12,2,1,7,11,60,first_half,hou
60,9,21,.429,3,10,.300,2,3,.667,0,9,9,6,4,0,6,8,23,q3,hou
60,9,24,.375,4,13,.308,6,8,.750,1,10,11,7,2,2,2,6,28,q4,hou
120,18,45,.400,7,23,.304,8,11,.727,1,19,20,13,6,2,8,14,51,second_half,hou
240,46,87,.529,14,31,.452,18,32,.563,11,41,52,31,8,7,14,18,124,game,den
60,13,23,.565,4,8,.500,6,10,.600,3,9,12,9,4,0,4,3,36,q1,den
60,14,24,.583,5,11,.455,1,4,.250,4,7,11,9,1,1,1,4,34,q2,den
120,27,47,.574,9,19,.474,7,14,.500,7,16,23,18,5,1,5,7,70,first_half,den
60,13,21,.619,5,10,.500,5,10,.500,2,12,14,9,3,2,4,2,36,q3,den
60,6,19,.316,0,2,.000,6,8,.750,2,13,15,4,0,4,5,9,18,q4,den
120,19,40,.475,5,12,.417,11,18,.611,4,25,29,13,3,6,9,11,54,second_half,den
240,37,76,.487,13,35,.371,19,21,.905,8,29,37,24,1,4,17,20,106,game,pho
60,12,21,.571,7,12,.583,3,3,1.000,0,8,8,10,1,1,4,3,34,q1,pho
60,9,22,.409,1,7,.143,7,7,1.000,4,11,15,5,0,1,1,5,26,q2,pho
120,21,43,.488,8,19,.421,10,10,1.000,4,19,23,15,1,2,5,8,60,first_half,pho
60,10,16,.625,3,7,.429,4,5,.800,3,4,7,6,0,0,8,9,27,q3,pho
60,6,17,.353,2,9,.222,5,6,.833,1,6,7,3,0,2,4,3,19,q4,pho
120,16,33,.485,5,16,.312,9,11,.818,4,10,14,9,0,2,12,12,46,second_half,pho
240,39,86,.453,12,29,.414,13,16,.813,8,30,38,28,7,1,11,25,103,game,den
60,12,22,.545,4,8,.500,4,5,.800,1,9,10,9,3,0,3,3,32,q1,den
60,6,21,.286,1,8,.125,4,5,.800,2,8,10,5,1,0,2,6,17,q2,den
120,18,43,.419,5,16,.312,8,10,.800,3,17,20,14,4,0,5,9,49,first_half,den
60,10,15,.667,4,7,.571,5,6,.833,1,3,4,8,2,0,6,10,29,q3,den
60,11,27,.407,3,6,.500,0,0,,4,10,14,6,1,1,0,6,25,q4,den
120,21,42,.500,7,13,.538,5,6,.833,5,13,18,14,3,1,6,16,54,second_half,den
240,42,91,.462,11,34,.324,21,27,.778,10,32,42,24,8,4,14,31,116,game,min
60,7,22,.318,2,8,.250,6,7,.857,3,8,11,6,2,0,5,6,22,q1,min
60,14,25,.560,5,10,.500,10,11,.909,2,9,11,10,3,2,0,8,43,q2,min
120,21,47,.447,7,18,.389,16,18,.889,5,17,22,16,5,2,5,14,65,first_half,min
60,14,25,.560,3,9,.333,0,3,.000,3,7,10,4,2,2,3,8,31,q3,min
60,7,19,.368,1,7,.143,5,6,.833,2,8,10,4,1,0,6,9,20,q4,min
120,21,44,.477,4,16,.250,5,9,.556,5,15,20,8,3,2,9,17,51,second_half,min
240,41,79,.519,8,25,.320,33,45,.733,10,32,42,22,9,2,14,27,123,game,den
60,12,20,.600,2,4,.500,8,10,.800,1,10,11,7,3,0,3,7,34,q1,den
60,9,21,.429,2,9,.222,8,14,.571,4,6,10,4,0,1,5,7,28,q2,den
120,21,41,.512,4,13,.308,16,24,.667,5,16,21,11,3,1,8,14,62,first_half,den
60,10,18,.556,3,8,.375,8,10,.800,3,7,10,7,1,0,5,6,31,q3,den
60,10,20,.500,1,4,.250,9,11,.818,2,9,11,4,5,1,1,7,30,q4,den
120,20,38,.526,4,12,.333,17,21,.810,5,16,21,11,6,1,6,13,61,second_half,den
240,43,87,.494,14,41,.341,24,27,.889,11,43,54,25,10,2,6,14,124,game,dal
60,14,27,.519,4,11,.364,4,4,1.000,4,15,19,8,3,2,2,2,36,q1,dal
60,15,23,.652,5,9,.556,6,6,1.000,2,11,13,8,3,0,0,5,41,q2,dal
120,29,50,.580,9,20,.450,10,10,1.000,6,26,32,16,6,2,2,7,77,first_half,dal
60,7,18,.389,5,15,.333,8,9,.889,1,6,7,5,0,0,2,5,27,q3,dal
60,7,19,.368,0,6,.000,6,8,.750,4,11,15,4,4,0,2,2,20,q4,dal
120,14,37,.378,5,21,.238,14,17,.824,5,17,22,9,4,0,4,7,47,second_half,dal
240,26,76,.342,4,33,.121,17,20,.850,5,31,36,13,2,2,12,19,73,game,lac
60,5,22,.227,0,9,.000,3,4,.750,2,8,10,1,0,0,3,4,13,q1,lac
60,4,15,.267,1,10,.100,5,6,.833,0,6,6,2,0,0,4,5,14,q2,lac
120,9,37,.243,1,19,.053,8,10,.800,2,14,16,3,0,0,7,9,27,first_half,lac
60,11,21,.524,1,7,.143,7,8,.875,3,9,12,5,0,1,0,6,30,q3,lac
60,6,18,.333,2,7,.286,2,2,1.000,0,8,8,5,2,1,5,4,16,q4,lac
120,17,39,.436,3,14,.214,9,10,.900,3,17,20,10,2,2,5,10,46,second_half,lac
240,37,89,.416,13,38,.342,14,17,.824,11,28,39,22,7,6,14,15,101,game,min
60,10,22,.455,4,9,.444,5,6,.833,3,7,10,9,3,0,3,5,29,q1,min
60,8,26,.308,3,10,.300,2,2,1.000,4,5,9,3,1,3,3,4,21,q2,min
120,18,48,.375,7,19,.368,7,8,.875,7,12,19,12,4,3,6,9,50,first_half,min
60,10,25,.400,5,15,.333,1,1,1.000,3,5,8,6,2,1,2,3,26,q3,min
60,9,16,.562,1,4,.250,6,8,.750,1,11,12,4,1,2,6,3,25,q4,min
120,19,41,.463,6,19,.316,7,9,.778,4,16,20,10,3,3,8,6,51,second_half,min
240,47,88,.534,16,31,.516,14,16,.875,7,39,46,32,6,10,13,21,124,game,lac
60,11,22,.500,5,10,.500,6,7,.857,2,7,9,8,1,3,4,6,33,q1,lac
60,15,24,.625,3,5,.600,4,4,1.000,3,13,16,10,2,4,2,5,37,q2,lac
120,26,46,.565,8,15,.533,10,11,.909,5,20,25,18,3,7,6,11,70,first_half,lac
60,13,21,.619,6,9,.667,3,3,1.000,1,12,13,10,1,1,4,3,35,q3,lac
60,8,21,.381,2,7,.286,1,2,.500,1,7,8,4,2,2,3,7,19,q4,lac
120,21,42,.500,8,16,.500,4,5,.800,2,19,21,14,3,3,7,10,54,second_half,lac
240,32,76,.421,12,38,.316,29,34,.853,5,36,41,14,5,4,17,17,105,game,por
60,9,19,.474,5,9,.556,3,4,.750,0,8,8,6,1,1,3,2,26,q1,por
60,9,20,.450,4,14,.286,9,9,1.000,2,7,9,3,0,1,4,5,31,q2,por
120,18,39,.462,9,23,.391,12,13,.923,2,15,17,9,1,2,7,7,57,first_half,por
60,6,16,.375,3,8,.375,13,14,.929,1,9,10,2,1,1,6,6,28,q3,por
60,8,21,.381,0,7,.000,4,7,.571,2,12,14,3,3,1,4,4,20,q4,por
120,14,37,.378,3,15,.200,17,21,.810,3,21,24,5,4,2,10,10,48,second_half,por
240,47,95,.495,18,38,.474,16,22,.727,11,36,47,30,13,6,10,25,128,game,lac
60,13,24,.542,8,12,.667,3,4,.750,1,9,10,11,2,3,1,2,37,q1,lac
60,15,24,.625,6,9,.667,3,4,.750,2,6,8,9,3,0,2,8,39,q2,lac
120,28,48,.583,14,21,.667,6,8,.750,3,15,18,20,5,3,3,10,76,first_half,lac
60,11,25,.440,2,6,.333,7,9,.778,5,9,14,4,6,1,2,9,31,q3,lac
60,8,22,.364,2,11,.182,3,5,.600,3,12,15,6,2,2,5,6,21,q4,lac
120,19,47,.404,4,17,.235,10,14,.714,8,21,29,10,8,3,7,15,52,second_half,lac
240,44,96,.458,20,40,.500,8,11,.727,11,33,44,23,9,3,10,13,116,game,sas
60,14,25,.560,7,11,.636,1,1,1.000,3,8,11,8,2,1,2,3,36,q1,sas
60,10,28,.357,4,10,.400,3,3,1.000,5,14,19,5,2,2,3,4,27,q2,sas
120,24,53,.453,11,21,.524,4,4,1.000,8,22,30,13,4,3,5,7,63,first_half,sas
60,9,22,.409,3,9,.333,1,2,.500,2,3,5,5,2,0,2,4,22,q3,sas
60,11,21,.524,6,10,.600,3,5,.600,1,8,9,5,3,0,3,2,31,q4,sas
120,20,43,.465,9,19,.474,4,7,.571,3,11,14,10,5,0,5,6,53,second_half,sas
240,43,86,.500,15,35,.429,12,13,.923,7,38,45,29,6,7,13,16,113,game,lac
60,11,21,.524,1,8,.125,4,4,1.000,1,7,8,6,2,1,3,2,27,q1,lac
60,6,23,.261,2,9,.222,3,3,1.000,3,13,16,4,1,3,4,4,17,q2,lac
120,17,44,.386,3,17,.176,7,7,1.000,4,20,24,10,3,4,7,6,44,first_half,lac
60,16,21,.762,7,9,.778,1,2,.500,2,10,12,11,1,2,2,5,40,q3,lac
60,10,21,.476,5,9,.556,4,4,1.000,1,8,9,8,2,1,4,5,29,q4,lac
120,26,42,.619,12,18,.667,5,6,.833,3,18,21,19,3,3,6,10,69,second_half,lac
240,44,93,.473,14,40,.350,14,19,.737,11,29,40,22,10,3,16,29,116,game,lac
60,14,20,.700,5,10,.500,6,7,.857,2,10,12,9,5,0,5,4,39,q1,lac
60,7,25,.280,2,11,.182,1,2,.500,1,8,9,3,2,0,7,13,17,q2,lac
120,21,45,.467,7,21,.333,7,9,.778,3,18,21,12,7,0,12,17,56,first_half,lac
60,13,24,.542,4,8,.500,3,5,.600,2,9,11,4,2,1,2,6,33,q3,lac
60,10,24,.417,3,11,.273,4,5,.800,6,2,8,6,1,2,2,6,27,q4,lac
120,23,48,.479,7,19,.368,7,10,.700,8,11,19,10,3,3,4,12,60,second_half,lac
240,38,81,.469,9,29,.310,24,31,.774,8,37,45,22,4,2,19,20,109,game,lal
60,7,18,.389,2,8,.250,3,6,.500,1,4,5,4,2,0,6,6,19,q1,lal
60,10,22,.455,3,9,.333,12,14,.857,2,17,19,6,1,0,5,6,35,q2,lal
120,17,40,.425,5,17,.294,15,20,.750,3,21,24,10,3,0,11,12,54,first_half,lal
60,10,25,.400,2,8,.250,2,3,.667,2,9,11,4,0,0,3,5,24,q3,lal
60,11,16,.688,2,4,.500,7,8,.875,3,7,10,8,1,2,5,3,31,q4,lal
120,21,41,.512,4,12,.333,9,11,.818,5,16,21,12,1,2,8,8,55,second_half,lal
240,41,83,.494,13,32,.406,20,26,.769,3,24,27,20,13,3,9,22,115,game,dal
60,11,20,.550,4,8,.500,4,4,1.000,0,7,7,5,2,1,2,4,30,q1,dal
60,8,20,.400,2,4,.500,9,12,.750,1,5,6,4,8,0,4,6,27,q2,dal
120,19,40,.475,6,12,.500,13,16,.812,1,12,13,9,10,1,6,10,57,first_half,dal
60,10,23,.435,5,13,.385,3,4,.750,2,7,9,5,3,1,2,7,28,q3,dal
60,12,20,.600,2,7,.286,4,6,.667,0,5,5,6,0,1,1,5,30,q4,dal
120,22,43,.512,7,20,.350,7,10,.700,2,12,14,11,3,2,3,12,58,second_half,dal
240,51,91,.560,19,39,.487,17,24,.708,17,36,53,33,9,4,16,23,138,game,lal
60,13,23,.565,3,8,.375,4,5,.800,4,9,13,8,2,0,2,3,33,q1,lal
60,14,21,.667,6,11,.545,2,4,.500,3,10,13,9,4,2,9,10,36,q2,lal
120,27,44,.614,9,19,.474,6,9,.667,7,19,26,17,6,2,11,13,69,first_half,lal
60,10,23,.435,3,11,.273,7,10,.700,5,9,14,7,2,2,4,5,30,q3,lal
60,14,24,.583,7,9,.778,4,5,.800,5,8,13,9,1,0,1,5,39,q4,lal
120,24,47,.511,10,20,.500,11,15,.733,10,17,27,16,3,2,5,10,69,second_half,lal
240,38,103,.369,6,35,.171,9,14,.643,17,31,48,24,11,6,17,24,91,game,min
60,11,31,.355,0,10,.000,1,1,1.000,4,5,9,5,5,0,3,7,23,q1,min
60,9,26,.346,3,12,.250,1,3,.333,5,9,14,6,2,3,5,5,22,q2,min
120,20,57,.351,3,22,.136,2,4,.500,9,14,23,11,7,3,8,12,45,first_half,min
60,8,23,.348,1,7,.143,5,6,.833,6,6,12,6,0,0,5,8,22,q3,min
60,10,23,.435,2,6,.333,2,4,.500,2,11,13,7,4,3,4,4,24,q4,min
120,18,46,.391,3,13,.231,7,10,.700,8,17,25,13,4,3,9,12,46,second_half,min
240,50,90,.556,13,35,.371,14,18,.778,5,41,46,32,6,14,17,19,127,game,lal
60,15,21,.714,6,10,.600,4,6,.667,1,13,14,9,1,3,7,4,40,q1,lal
60,12,27,.444,3,10,.300,0,2,.000,3,12,15,9,2,4,4,4,27,q2,lal
120,27,48,.562,9,20,.450,4,8,.500,4,25,29,18,3,7,11,8,67,first_half,lal
60,13,19,.684,3,7,.429,7,7,1.000,0,5,5,9,1,4,2,7,36,q3,lal
60,10,23,.435,1,8,.125,3,3,1.000,1,11,12,5,2,3,4,4,24,q4,lal
120,23,42,.548,4,15,.267,10,10,1.000,1,16,17,14,3,7,6,11,60,second_half,lal
240,43,92,.467,16,46,.348,13,15,.867,7,38,45,27,9,6,9,16,115,game,por
60,7,23,.304,3,14,.214,5,5,1.000,3,10,13,3,2,1,4,2,22,q1,por
60,14,21,.667,3,7,.429,5,6,.833,1,9,10,9,2,0,0,3,36,q2,por
120,21,44,.477,6,21,.286,10,11,.909,4,19,23,12,4,1,4,5,58,first_half,por
60,10,24,.417,5,13,.385,1,2,.500,2,11,13,7,5,3,4,8,26,q3,por
60,12,24,.500,5,12,.417,2,2,1.000,1,8,9,8,0,2,1,3,31,q4,por
120,22,48,.458,10,25,.400,3,4,.750,3,19,22,15,5,5,5,11,57,second_half,por
240,41,87,.471,10,27,.370,15,18,.833,6,35,41,20,6,5,14,14,107,game,lal
60,12,24,.500,5,8,.625,1,1,1.000,1,11,12,8,2,2,3,3,30,q1,lal
60,9,19,.474,2,6,.333,4,4,1.000,1,7,8,3,0,1,4,6,24,q2,lal
120,21,43,.488,7,14,.500,5,5,1.000,2,18,20,11,2,3,7,9,54,first_half,lal
60,12,23,.522,1,5,.200,6,8,.750,1,10,11,7,3,2,5,4,31,q3,lal
60,8,21,.381,2,8,.250,4,5,.800,3,7,10,2,1,0,2,1,22,q4,lal
120,20,44,.455,3,13,.231,10,13,.769,4,17,21,9,4,2,7,5,53,second_half,lal
240,41,98,.418,11,44,.250,10,13,.769,10,30,40,25,8,5,11,23,103,game,pho
60,11,25,.440,3,12,.250,0,0,,2,5,7,6,1,0,4,4,25,q1,pho
60,12,26,.462,2,10,.200,3,3,1.000,2,7,9,7,4,4,2,4,29,q2,pho
120,23,51,.451,5,22,.227,3,3,1.000,4,12,16,13,5,4,6,8,54,first_half,pho
60,10,23,.435,4,10,.400,1,3,.333,1,10,11,7,0,0,2,7,25,q3,pho
60,8,24,.333,2,12,.167,6,7,.857,5,8,13,5,3,1,3,8,24,q4,pho
120,18,47,.383,6,22,.273,7,10,.700,6,18,24,12,3,1,5,15,49,second_half,pho
240,39,86,.453,5,23,.217,23,33,.697,15,41,56,20,4,9,18,22,106,game,sac
60,13,23,.565,2,8,.250,3,4,.750,4,8,12,10,3,3,5,6,31,q1,sac
60,9,21,.429,2,6,.333,7,7,1.000,2,10,12,5,0,2,6,3,27,q2,sac
120,22,44,.500,4,14,.286,10,11,.909,6,18,24,15,3,5,11,9,58,first_half,sac
60,10,21,.476,1,4,.250,4,11,.364,4,13,17,4,0,2,4,7,25,q3,sac
60,7,21,.333,0,5,.000,9,11,.818,5,10,15,1,1,2,3,6,23,q4,sac
120,17,42,.405,1,9,.111,13,22,.591,9,23,32,5,1,4,7,13,48,second_half,sac
240,46,94,.489,14,35,.400,10,11,.909,8,36,44,34,6,3,9,20,116,game,pho
60,11,23,.478,5,8,.625,1,1,1.000,0,7,7,8,0,0,1,4,28,q1,pho
60,11,23,.478,3,8,.375,3,3,1.000,3,10,13,10,1,1,2,4,28,q2,pho
120,22,46,.478,8,16,.500,4,4,1.000,3,17,20,18,1,1,3,8,56,first_half,pho
60,12,24,.500,4,11,.364,6,6,1.000,4,10,14,8,2,2,5,6,34,q3,pho
60,12,24,.500,2,8,.250,0,1,.000,1,9,10,8,3,0,1,6,26,q4,pho
120,24,48,.500,6,19,.316,6,7,.857,5,19,24,16,5,2,6,12,60,second_half,pho
240,36,76,.474,10,23,.435,18,25,.720,3,36,39,21,5,4,15,23,100,game,sac
60,12,19,.632,3,7,.429,6,8,.750,1,11,12,9,1,3,1,2,33,q1,sac
60,7,20,.350,1,4,.250,5,6,.833,1,8,9,3,1,0,4,6,20,q2,sac
120,19,39,.487,4,11,.364,11,14,.786,2,19,21,12,2,3,5,8,53,first_half,sac
60,9,20,.450,3,4,.750,4,5,.800,1,7,8,2,3,0,7,11,25,q3,sac
60,8,17,.471,3,8,.375,3,6,.500,0,10,10,7,0,1,3,4,22,q4,sac
120,17,37,.459,6,12,.500,7,11,.636,1,17,18,9,3,1,10,15,47,second_half,sac
240,44,81,.543,11,28,.393,16,20,.800,7,32,39,27,7,5,19,18,115,game,den
60,16,24,.667,1,4,.250,1,1,1.000,2,6,8,10,3,0,3,4,34,q1,den
60,10,19,.526,4,8,.500,4,7,.571,3,6,9,7,2,1,7,5,28,q2,den
120,26,43,.605,5,12,.417,5,8,.625,5,12,17,17,5,1,10,9,62,first_half,den
60,12,18,.667,4,7,.571,10,11,.909,0,9,9,8,2,2,3,3,38,q3,den
60,6,20,.300,2,9,.222,1,1,1.000,2,11,13,2,0,2,6,6,15,q4,den
120,18,38,.474,6,16,.375,11,12,.917,2,20,22,10,2,4,9,9,53,second_half,den
240,46,94,.489,16,33,.485,17,22,.773,12,25,37,33,9,2,10,18,125,game,sac
60,10,19,.526,4,7,.571,8,9,.889,2,6,8,7,1,0,5,3,32,q1,sac
60,15,24,.625,7,11,.636,5,6,.833,4,3,7,12,3,0,3,5,42,q2,sac
120,25,43,.581,11,18,.611,13,15,.867,6,9,15,19,4,0,8,8,74,first_half,sac
60,9,24,.375,1,5,.200,3,6,.500,3,5,8,5,1,0,2,8,22,q3,sac
60,12,27,.444,4,10,.400,1,1,1.000,3,11,14,9,4,2,0,2,29,q4,sac
120,21,51,.412,5,15,.333,4,7,.571,6,16,22,14,5,2,2,10,51,second_half,sac
240,43,84,.512,15,34,.441,17,21,.810,12,38,50,30,6,6,23,28,118,game,cho
60,12,24,.500,5,11,.455,7,7,1.000,4,8,12,9,3,1,5,6,36,q1,cho
60,12,22,.545,3,8,.375,5,8,.625,3,7,10,8,1,2,4,8,32,q2,cho
120,24,46,.522,8,19,.421,12,15,.800,7,15,22,17,4,3,9,14,68,first_half,cho
60,11,20,.550,5,10,.500,3,4,.750,2,15,17,9,2,0,6,5,30,q3,cho
60,8,18,.444,2,5,.400,2,2,1.000,3,8,11,4,0,3,8,9,20,q4,cho
120,19,38,.500,7,15,.467,5,6,.833,5,23,28,13,2,3,14,14,50,second_half,cho
240,34,87,.391,12,42,.286,19,33,.576,13,26,39,24,10,6,14,16,99,game,dal
60,11,19,.579,4,9,.444,3,6,.500,1,6,7,9,3,1,5,7,29,q1,dal
60,9,21,.429,3,10,.300,7,10,.700,3,7,10,7,0,1,3,6,28,q2,dal
120,20,40,.500,7,19,.368,10,16,.625,4,13,17,16,3,2,8,13,57,first_half,dal
60,4,24,.167,1,15,.067,3,6,.500,5,6,11,1,3,2,3,2,12,q3,dal
60,10,23,.435,4,8,.500,6,11,.545,4,7,11,7,4,2,3,1,30,q4,dal
120,14,47,.298,5,23,.217,9,17,.529,9,13,22,8,7,4,6,3,42,second_half,dal
240,29,78,.372,7,33,.212,18,25,.720,5,36,41,20,10,2,14,24,83,game,mia
60,6,18,.333,0,7,.000,4,6,.667,0,8,8,3,3,0,2,7,16,q1,mia
60,3,18,.167,0,7,.000,9,12,.750,4,9,13,1,3,1,6,4,15,q2,mia
120,9,36,.250,0,14,.000,13,18,.722,4,17,21,4,6,1,8,11,31,first_half,mia
60,8,20,.400,4,7,.571,2,3,.667,1,8,9,7,2,0,4,7,22,q3,mia
60,12,22,.545,3,12,.250,3,4,.750,0,11,11,9,2,1,2,6,30,q4,mia
120,20,42,.476,7,19,.368,5,7,.714,1,19,20,16,4,1,6,13,52,second_half,mia
240,32,78,.410,12,37,.324,17,23,.739,4,45,49,18,9,3,16,25,93,game,dal
60,6,16,.375,1,7,.143,7,9,.778,2,12,14,3,0,0,5,5,20,q1,dal
60,10,22,.455,5,11,.455,1,4,.250,0,12,12,7,4,1,4,9,26,q2,dal
120,16,38,.421,6,18,.333,8,13,.615,2,24,26,10,4,1,9,14,46,first_half,dal
60,10,19,.526,5,11,.455,2,2,1.000,1,10,11,6,3,2,3,6,27,q3,dal
60,6,21,.286,1,8,.125,7,8,.875,1,11,12,2,2,0,4,5,20,q4,dal
120,16,40,.400,6,19,.316,9,10,.900,2,21,23,8,5,2,7,11,47,second_half,dal
240,48,95,.505,10,25,.400,25,29,.862,8,40,48,28,8,8,10,18,131,game,sas
60,9,22,.409,3,8,.375,9,10,.900,2,14,16,3,0,0,4,3,30,q1,sas
60,16,28,.571,3,6,.500,1,2,.500,3,10,13,10,3,3,0,3,36,q2,sas
120,25,50,.500,6,14,.429,10,12,.833,5,24,29,13,3,3,4,6,66,first_half,sas
60,12,25,.480,0,3,.000,9,10,.900,2,5,7,7,5,2,3,5,33,q3,sas
60,11,20,.550,4,8,.500,6,7,.857,1,11,12,8,0,3,3,7,32,q4,sas
120,23,45,.511,4,11,.364,15,17,.882,3,16,19,15,5,5,6,12,65,second_half,sas
240,49,95,.516,10,27,.370,11,18,.611,5,37,42,27,6,8,11,20,119,game,mem
60,13,26,.500,5,11,.455,2,3,.667,0,9,9,6,2,4,0,4,33,q1,mem
60,8,24,.333,4,8,.500,0,2,.000,5,9,14,4,0,1,5,2,20,q2,mem
120,21,50,.420,9,19,.474,2,5,.400,5,18,23,10,2,5,5,6,53,first_half,mem
60,15,21,.714,1,2,.500,4,6,.667,0,11,11,8,2,2,6,8,35,q3,mem
60,13,24,.542,0,6,.000,5,7,.714,0,8,8,9,2,1,0,6,31,q4,mem
120,28,45,.622,1,8,.125,9,13,.692,0,19,19,17,4,3,6,14,66,second_half,mem
240,38,89,.427,13,36,.361,33,38,.868,13,41,54,23,4,5,15,20,122,game,atl
60,11,25,.440,3,13,.231,2,2,1.000,1,12,13,5,3,0,3,6,27,q1,atl
60,10,23,.435,3,7,.429,8,8,1.000,2,9,11,7,1,1,3,6,31,q2,atl
120,21,48,.438,6,20,.300,10,10,1.000,3,21,24,12,4,1,6,12,58,first_half,atl
60,9,23,.391,3,6,.500,8,11,.727,6,9,15,6,0,3,5,3,29,q3,atl
60,8,18,.444,4,10,.400,15,17,.882,4,11,15,5,0,1,4,5,35,q4,atl
120,17,41,.415,7,16,.438,23,28,.821,10,20,30,11,0,4,9,8,64,second_half,atl
240,37,93,.398,13,43,.302,25,29,.862,9,37,46,20,5,6,10,27,112,game,mem
60,9,24,.375,2,11,.182,2,4,.500,4,12,16,5,0,1,4,2,22,q1,mem
60,10,22,.455,3,9,.333,11,13,.846,1,10,11,5,1,2,3,7,34,q2,mem
120,19,46,.413,5,20,.250,13,17,.765,5,22,27,10,1,3,7,9,56,first_half,mem
60,12,25,.480,6,12,.500,2,2,1.000,1,8,9,7,2,3,1,9,32,q3,mem
60,6,22,.273,2,11,.182,10,10,1.000,3,7,10,3,2,0,2,9,24,q4,mem
120,18,47,.383,8,23,.348,12,12,1.000,4,15,19,10,4,3,3,18,56,second_half,mem
240,41,89,.461,12,35,.343,14,19,.737,12,37,49,24,9,5,10,15,108,game,lal
60,10,22,.455,5,11,.455,0,0,,1,8,9,9,1,2,3,4,25,q1,lal
60,11,24,.458,2,7,.286,7,8,.875,5,14,19,4,4,1,4,3,31,q2,lal
120,21,46,.457,7,18,.389,7,8,.875,6,22,28,13,5,3,7,7,56,first_half,lal
60,9,25,.360,1,8,.125,2,2,1.000,4,10,14,5,1,1,1,4,21,q3,lal
60,11,18,.611,4,9,.444,5,9,.556,2,5,7,6,3,1,2,4,31,q4,lal
120,20,43,.465,5,17,.294,7,11,.636,6,15,21,11,4,2,3,8,52,second_half,lal
240,39,95,.411,9,33,.273,7,8,.875,14,36,50,23,6,3,11,18,94,game,mem
60,14,24,.583,6,9,.667,2,3,.667,2,10,12,10,2,1,1,3,36,q1,mem
60,8,25,.320,1,10,.100,1,1,1.000,3,8,11,3,3,1,4,5,18,q2,mem
120,22,49,.449,7,19,.368,3,4,.750,5,18,23,13,5,2,5,8,54,first_half,mem
60,9,25,.360,1,7,.143,2,2,1.000,4,12,16,7,0,0,1,2,21,q3,mem
60,8,21,.381,1,7,.143,2,2,1.000,5,6,11,3,1,1,5,8,19,q4,mem
120,17,46,.370,2,14,.143,4,4,1.000,9,18,27,10,1,1,6,10,40,second_half,mem
240,38,87,.437,9,31,.290,9,11,.818,9,43,52,24,7,8,17,14,94,game,lal
60,9,21,.429,0,5,.000,1,2,.500,0,11,11,6,2,4,6,2,19,q1,lal
60,10,25,.400,5,11,.455,1,1,1.000,4,10,14,6,2,0,4,3,26,q2,lal
120,19,46,.413,5,16,.312,2,3,.667,4,21,25,12,4,4,10,5,45,first_half,lal
60,9,21,.429,3,10,.300,1,2,.500,2,11,13,6,1,1,2,5,22,q3,lal
60,10,20,.500,1,5,.200,6,6,1.000,3,11,14,6,2,3,5,4,27,q4,lal
120,19,41,.463,4,15,.267,7,8,.875,5,22,27,12,3,4,7,9,49,second_half,lal
240,36,87,.414,10,26,.385,10,13,.769,5,33,38,24,14,4,13,14,92,game,mem
60,10,25,.400,3,7,.429,1,1,1.000,2,10,12,6,6,1,3,4,24,q1,mem
60,10,21,.476,2,6,.333,3,3,1.000,0,9,9,7,3,1,3,2,25,q2,mem
120,20,46,.435,5,13,.385,4,4,1.000,2,19,21,13,9,2,6,6,49,first_half,mem
60,7,20,.350,2,8,.250,3,4,.750,0,7,7,5,2,1,3,2,19,q3,mem
60,9,21,.429,3,5,.600,3,5,.600,3,7,10,6,3,1,4,6,24,q4,mem
120,16,41,.390,5,13,.385,6,9,.667,3,14,17,11,5,2,7,8,43,second_half,mem
240,36,85,.424,9,37,.243,21,26,.808,6,33,39,17,6,0,11,23,102,game,dal
60,7,25,.280,2,11,.182,6,7,.857,2,11,13,4,2,0,2,5,22,q1,dal
60,8,22,.364,3,8,.375,4,6,.667,3,6,9,5,2,0,4,6,23,q2,dal
120,15,47,.319,5,19,.263,10,13,.769,5,17,22,9,4,0,6,11,45,first_half,dal
60,8,17,.471,3,10,.300,7,8,.875,0,8,8,4,1,0,2,6,26,q3,dal
60,13,21,.619,1,8,.125,4,5,.800,1,8,9,4,1,0,3,6,31,q4,dal
120,21,38,.553,4,18,.222,11,13,.846,1,16,17,8,2,0,5,12,57,second_half,dal
240,38,79,.481,11,30,.367,19,27,.704,6,42,48,21,7,7,18,26,106,game,pho
60,8,21,.381,3,9,.333,4,4,1.000,0,15,15,4,1,4,7,10,23,q1,pho
60,12,18,.667,3,7,.429,3,6,.500,1,12,13,7,2,2,6,6,30,q2,pho
120,20,39,.513,6,16,.375,7,10,.700,1,27,28,11,3,6,13,16,53,first_half,pho
60,9,20,.450,3,8,.375,3,6,.500,3,8,11,5,1,0,3,6,24,q3,pho
60,9,20,.450,2,6,.333,9,11,.818,2,7,9,5,3,1,2,4,29,q4,pho
120,18,40,.450,5,14,.357,12,17,.706,5,15,20,10,4,1,5,10,53,second_half,pho
240,37,77,.481,3,24,.125,9,18,.500,7,34,41,18,8,3,16,14,86,game,nop
60,13,18,.722,1,4,.250,2,6,.333,1,6,7,8,4,1,4,2,29,q1,nop
60,7,20,.350,0,7,.000,1,2,.500,4,5,9,1,1,0,7,9,15,q2,nop
120,20,38,.526,1,11,.091,3,8,.375,5,11,16,9,5,1,11,11,44,first_half,nop
60,7,18,.389,1,8,.125,2,3,.667,0,10,10,4,0,0,4,1,17,q3,nop
60,10,21,.476,1,5,.200,4,7,.571,2,13,15,5,3,2,1,2,25,q4,nop
120,17,39,.436,2,13,.154,6,10,.600,2,23,25,9,3,2,5,3,42,second_half,nop
240,37,84,.440,19,47,.404,18,19,.947,12,31,43,24,7,4,10,18,111,game,pho
60,11,19,.579,7,11,.636,2,2,1.000,2,5,7,8,1,0,6,5,31,q1,pho
60,9,17,.529,2,8,.250,15,15,1.000,2,7,9,4,4,1,1,3,35,q2,pho
120,20,36,.556,9,19,.474,17,17,1.000,4,12,16,12,5,1,7,8,66,first_half,pho
60,13,27,.481,8,19,.421,0,0,,4,12,16,8,2,2,0,4,34,q3,pho
60,4,21,.190,2,9,.222,1,2,.500,4,7,11,4,0,1,3,6,11,q4,pho
120,17,48,.354,10,28,.357,1,2,.500,8,19,27,12,2,3,3,10,45,second_half,pho
240,40,83,.482,17,29,.586,15,19,.789,8,29,37,24,5,2,10,22,112,game,lac
60,14,23,.609,6,9,.667,3,4,.750,1,8,9,9,1,0,3,1,37,q1,lac
60,10,22,.455,4,11,.364,3,5,.600,3,11,14,8,2,1,3,6,27,q2,lac
120,24,45,.533,10,20,.500,6,9,.667,4,19,23,17,3,1,6,7,64,first_half,lac
60,9,18,.500,3,4,.750,3,4,.750,1,2,3,4,0,1,3,8,24,q3,lac
60,7,20,.350,4,5,.800,6,6,1.000,3,8,11,3,2,0,1,7,24,q4,lac
120,16,38,.421,7,9,.778,9,10,.900,4,10,14,7,2,1,4,15,48,second_half,lac
240,37,75,.493,10,33,.303,23,28,.821,7,33,40,23,4,3,13,22,107,game,pho
60,11,19,.579,1,6,.167,1,1,1.000,0,7,7,7,2,0,7,5,24,q1,pho
60,7,20,.350,2,11,.182,4,6,.667,1,10,11,6,1,1,3,6,20,q2,pho
120,18,39,.462,3,17,.176,5,7,.714,1,17,18,13,3,1,10,11,44,first_half,pho
60,11,18,.611,5,8,.625,10,12,.833,4,6,10,6,1,2,0,3,37,q3,pho
60,8,18,.444,2,8,.250,8,9,.889,2,10,12,4,0,0,3,8,26,q4,pho
120,19,36,.528,7,16,.438,18,21,.857,6,16,22,10,1,2,3,11,63,second_half,pho
