date,team,line,away_date,away_team,away_line,total
20191231,phi,+103,20191231,ind,-114,212½
20191231,bos,-105,20191231,cho,-105,210½
20191231,lac,-102,20191231,sac,-108,220
20191231,cle,-103,20191231,tor,-107,218½
20191231,gsw,-106,20191231,sas,-104,217
20191231,den,-108,20191231,hou,-102,225
20191231,dal,-109,20191231,okc,-101,217½
20191217,lal,-105,20191217,ind,-105,212
20191217,sac,-110,20191217,cho,-100,207
20191217,atl,-106,20191217,nyk,-104,225
20191217,brk,-102,20191217,nop,-108,228½
20191217,orl,-105,20191217,uta,-105,207½
20191217,pho,-105,20191217,lac,-105,225½
20200117,chi,+102,20200117,phi,-112,213½
20200117,was,+100,20200117,tor,-110,231
20200117,min,-108,20200117,ind,-102,217½
20200117,cle,-105,20200117,mem,-105,229½
20200117,mia,+101,20200117,okc,-112,216½
20200117,atl,-103,20200117,sas,-107,230
20200117,por,-107,20200117,dal,-103,228
20200304,ind,-110,20200304,mil,-100,220½
20200304,bos,-111,20200304,cle,+101,215½
20200304,okc,-105,20200304,det,-105,209½
20200304,uta,-103,20200304,nyk,-107,219½
20200304,mem,+104,20200304,brk,-115,223
20200304,orl,-102,20200304,mia,-108,218½
20200304,chi,-110,20200304,min,+100,231½
20200304,nop,+101,20200304,dal,-111,240½
20200304,was,-106,20200304,por,-104,244
20191206,orl,-107,20191206,cle,-103,210
20191206,ind,-115,20191206,det,+104,212
20191206,brk,+100,20191206,cho,-111,219½
20191206,was,-107,20191206,mia,-103,228½
20191206,den,-111,20191206,bos,+100,205½
20191206,gsw,-106,20191206,chi,-104,215
20191206,min,+103,20191206,okc,-114,218
20191206,sac,+104,20191206,sas,-114,215
20191206,lac,-107,20191206,mil,-103,234
20191206,lal,-101,20191206,por,-109,225
20200110,atl,-101,20200110,was,-109,238½
20200110,nop,-108,20200110,nyk,-102,226½
20200110,mia,-102,20200110,brk,-109,218½
20200110,sas,-103,20200110,mem,-107,231½
20200110,ind,-102,20200110,chi,-108,213½
20200110,orl,-102,20200110,pho,-108,217
20200110,cho,+102,20200110,uta,-112,210½
20200110,lal,+100,20200110,dal,-111,223
20200110,mil,-107,20200110,sac,-103,223½
20200110,gsw,-106,20200110,lac,-104,217
20191230,mia,+102,20191230,was,-113,224
20191230,atl,-101,20191230,orl,-109,209½
20191230,brk,-105,20191230,min,-105,216½
20191230,mil,-101,20191230,chi,-110,220½
20191230,det,-108,20191230,uta,-102,217½
20191230,pho,-111,20191230,por,+101,232½
20191126,lac,-112,20191126,dal,+102,225½
20191126,was,-101,20191126,den,-109,227½
20191203,det,+102,20191203,cle,-112,216½
20191203,orl,-110,20191203,was,-100,229½
20191203,mia,-106,20191203,tor,-104,212
20191203,dal,-100,20191203,nop,-110,234
20191203,hou,-101,20191203,sas,-109,234½
20191203,lal,-101,20191203,den,-109,208
20191203,por,+100,20191203,lac,-110,233
20200114,uta,-113,20200114,brk,+102,222½
20200114,pho,-107,20200114,atl,-103,230
20200114,hou,-105,20200114,mem,-105,240½
20200114,nyk,-115,20200114,mil,+104,229½
20200114,cle,-105,20200114,lac,-105,224
20200114,dal,+100,20200114,gsw,-110,224
20191201,mia,-107,20191201,brk,-103,215
20191201,bos,-105,20191201,nyk,-105,208½
20191201,mem,-100,20191201,min,-110,231
20191201,dal,-104,20191201,lal,-106,223
20191201,okc,-114,20191201,nop,+104,226½
20191201,sas,+102,20191201,det,-112,218
20191201,gsw,+102,20191201,orl,-112,204½
20191201,uta,-109,20191201,tor,-101,208
20191201,was,-103,20191201,lac,-107,240½
20200310,nyk,-102,20200310,was,-108,230
20200310,bos,-104,20200310,ind,-106,215½
20200310,cle,-107,20200310,chi,-103,217½
20200310,orl,-101,20200310,mem,-109,219
20200310,dal,-107,20200310,sas,-103,231½
20200310,min,+102,20200310,hou,-112,250½
20200310,pho,-105,20200310,por,-105,235
20200310,brk,-112,20200310,lal,+101,225½
20200310,lac,-104,20200310,gsw,-106,223
20200116,pho,-110,20200116,nyk,-100,226½
20200116,uta,-110,20200116,nop,+100,224½
20200116,bos,-115,20200116,mil,+104,227
20200116,den,-108,20200116,gsw,-102,213
20200116,orl,-110,20200116,lac,-101,217
20200730,uta,-106,20200730,nop,-106,228½
20200730,lac,-107,20200730,lal,-105,220
20191222,dal,-106,20191222,tor,-104,218½
20191222,cho,-114,20191222,bos,+104,208½
20191222,lac,-103,20191222,okc,-107,223½
20191222,ind,-109,20191222,mil,-101,221
20191222,den,-110,20191222,lal,-100,209
20191113,mem,-104,20191113,cho,-106,221
20191113,phi,-100,20191113,orl,-110,207½
20191113,was,-112,20191113,bos,+102,229½
20191113,lac,-104,20191113,hou,-106,233
20191113,sas,-110,20191113,min,-101,229
20191113,gsw,-110,20191113,lal,-100,219
20191113,tor,-101,20191113,por,-109,219
20200814,den,-114,20200814,tor,+102,223½
20200814,mia,-105,20200814,ind,-107,221
20200814,okc,-109,20200814,lac,-103,225
20200814,phi,+100,20200814,hou,-112,231½
20200812,ind,+100,20200812,hou,-113,232
20200812,tor,-107,20200812,phi,-105,222
20200812,mia,-106,20200812,okc,-106,221
20200812,lac,-114,20200812,den,+101,229
20200311,det,-113,20200311,phi,+102,209½
20200311,cho,-107,20200311,mia,-103,206½
20200311,nyk,-113,20200311,atl,+103,232
20200311,den,-109,20200311,dal,-101,220½
20200809,was,-111,20200809,okc,-102,221
20200809,mem,-114,20200809,tor,+101,221½
20200809,sas,-105,20200809,nop,-107,238½
20200809,orl,-113,20200809,bos,+101,222
20200809,phi,-104,20200809,por,-108,229½
20200809,hou,-109,20200809,sac,-103,235
20200809,brk,+102,20200809,lac,-115,230½
20191216,was,-110,20191216,det,-100,232
20191216,cle,+100,20191216,tor,-110,216½
20191216,mia,-113,20191216,mem,+102,216½
20191216,dal,-108,20191216,mil,-102,227
20191216,chi,+101,20191216,okc,-111,208½
20191216,sas,-104,20191216,hou,-106,232
20191216,por,-106,20191216,pho,-104,227
20191110,den,+100,20191110,min,-110,218½
20191110,ind,-105,20191110,orl,-105,202½
20191110,cho,-104,20191110,phi,-106,213½
20191110,mil,-101,20191110,okc,-109,220
20191110,cle,-107,20191110,nyk,-103,214
20191110,brk,-100,20191110,pho,-110,232
20191110,atl,-103,20191110,por,-107,226
20191110,tor,-101,20191110,lal,-109,210½
20191225,bos,-112,20191225,tor,+101,214
20191225,mil,-106,20191225,phi,-104,221
20191225,hou,-102,20191225,gsw,-108,229½
20191225,lac,-104,20191225,lal,-106,223½
20191225,nop,-101,20191225,den,-109,217
20200125,dal,-114,20200125,uta,+103,226½
20200125,brk,-104,20200125,det,-106,228½
20200125,chi,-112,20200125,cle,+102,210½
20200125,okc,-106,20200125,min,-104,225½
20200125,lal,-105,20200125,phi,-105,217½
20200309,cho,-106,20200309,atl,-104,222½
20200309,tor,-110,20200309,uta,-101,224
20200309,mil,-101,20200309,den,-110,221½
20191103,chi,-111,20191103,ind,+101,217
20191103,hou,-112,20191103,mia,+102,233
20191103,sac,+102,20191103,nyk,-112,214
20191103,lal,+108,20191103,sas,-119,217½
20191103,dal,-105,20191103,cle,-105,218½
20191103,uta,-109,20191103,lac,-101,213
20191213,nop,-109,20191213,phi,-101,222
20191213,lal,-104,20191213,mia,-106,212
20191213,hou,-105,20191213,orl,-105,220½
20191213,ind,-111,20191213,atl,+101,224½
20191213,cho,+103,20191213,chi,-114,214
20191213,mil,-107,20191213,mem,-103,229
20191213,gsw,-106,20191213,uta,-104,211
20191213,lac,-106,20191213,min,-104,228½
20191213,nyk,-113,20191213,sac,+103,209½
20191127,brk,-107,20191127,bos,-103,214½
20191127,uta,-110,20191127,ind,-100,208
20191127,sac,-107,20191127,phi,-103,210
20191127,det,-102,20191127,cho,-108,215
20191127,orl,-107,20191127,cle,-103,210
20191127,nyk,-105,20191127,tor,-105,211
20191127,atl,-104,20191127,mil,-106,240
20191127,mia,-102,20191127,hou,-108,227
20191127,lac,-102,20191127,mem,-108,227
20191127,min,-106,20191127,sas,-104,229½
20191127,was,-102,20191127,pho,-108,240½
20191127,lal,-105,20191127,nop,-105,231
20191127,okc,-110,20191127,por,-100,219
20191127,chi,-102,20191127,gsw,-108,215½
20200130,cho,-113,20200130,was,+103,226½
20200130,tor,-110,20200130,cle,-100,223½
20200130,phi,-109,20200130,atl,-101,228
20200130,gsw,-105,20200130,bos,-105,224½
20200130,uta,-100,20200130,den,-110,215½
20200130,sac,-108,20200130,lac,-102,224
20191125,brk,-103,20191125,cle,-108,218½
20191125,orl,-104,20191125,det,-106,208
20191125,mem,-106,20191125,ind,-104,217
20191125,sac,-107,20191125,bos,-103,206
20191125,min,-101,20191125,atl,-109,236
20191125,phi,-112,20191125,tor,+102,212½
20191125,cho,-109,20191125,mia,-101,212
20191125,por,+101,20191125,chi,-112,226
20191125,uta,-102,20191125,mil,-108,226½
20191125,lal,-108,20191125,sas,-102,222½
20191125,okc,-104,20191125,gsw,-107,213½
20191227,cle,-110,20191227,bos,-100,215½
20191227,okc,+104,20191227,cho,-115,208
20191227,phi,-108,20191227,orl,-102,210½
20191227,mil,+104,20191227,atl,-114,235½
20191227,ind,-110,20191227,mia,-100,211
20191227,pho,-105,20191227,gsw,-105,225½
20191118,cle,-114,20191118,nyk,+103,209½
20191118,cho,-103,20191118,tor,-107,214
20191118,ind,-102,20191118,brk,-108,214
20191118,por,-110,20191118,hou,-101,232
20191118,mil,-105,20191118,chi,-105,231
20191118,sas,+100,20191118,dal,-110,224½
20191118,min,-104,20191118,uta,-106,219
20191118,bos,-104,20191118,pho,-106,226½
20191118,okc,-105,20191118,lac,-105,222
20191114,mia,-102,20191114,cle,-108,215½
20191114,lac,-112,20191114,nop,+102,233
20191114,dal,-104,20191114,nyk,-106,215
20191114,chi,-103,20191114,mil,-107,229
20191114,atl,-103,20191114,pho,-107,229½
20191114,brk,-105,20191114,den,-105,222½
20200810,okc,-109,20200810,pho,-103,221
20200810,dal,-111,20200810,uta,-101,221½
20200810,tor,-101,20200810,mil,-111,228
20200810,ind,-101,20200810,mia,-111,224
20200810,den,-102,20200810,lal,-110,224
20191025,tor,-103,20191025,bos,-107,213½
20191025,min,-101,20191025,cho,-109,225½
20191025,nyk,-109,20191025,brk,-101,227½
20191025,chi,-103,20191025,mem,-107,224½
20191025,was,-105,20191025,okc,-105,218½
20191025,dal,-105,20191025,nop,-105,227
20191025,pho,-107,20191025,den,-103,219
20191025,por,-106,20191025,sac,-104,227½
20191025,uta,+102,20191025,lal,-113,216½
20200104,mem,-104,20200104,lac,-106,231½
20200104,tor,+103,20200104,brk,-114,217
20200104,uta,-110,20200104,orl,-100,206
20200104,okc,-107,20200104,cle,-103,213½
20200104,ind,-106,20200104,atl,-104,220½
20200104,den,-107,20200104,was,-103,221½
20200104,bos,-100,20200104,chi,-110,208½
20200104,det,-100,20200104,gsw,-110,213½
20200104,cho,-113,20200104,dal,+102,217
20200104,sas,-103,20200104,mil,-107,228½
20200104,nop,-105,20200104,sac,-105,225½
20200203,orl,-105,20200203,cho,-105,203½
20200203,nyk,-100,20200203,cle,-110,216½
20200203,gsw,-110,20200203,was,-101,234½
20200203,dal,-107,20200203,ind,-103,212½
20200203,bos,-115,20200203,atl,+105,232
20200203,pho,-106,20200203,brk,-104,224½
20200203,phi,-105,20200203,mia,-105,211
20200203,det,-103,20200203,mem,-107,223½
20200203,min,-108,20200203,sac,-102,226
20200203,sas,-115,20200203,lac,+104,229½
20191129,bos,+102,20191129,brk,-112,213½
20191129,tor,-105,20191129,orl,-105,209
20191129,cho,-101,20191129,det,-109,213½
20191129,mil,-105,20191129,cle,-105,229½
20191129,phi,-105,20191129,nyk,-105,209½
20191129,gsw,+103,20191129,mia,-113,209
20191129,atl,+101,20191129,ind,-111,224
20191129,nop,-107,20191129,okc,-103,229
20191129,uta,-113,20191129,mem,+102,223
20191129,lac,-109,20191129,sas,-102,224½
20191129,dal,-102,20191129,pho,-108,230
20191129,chi,-112,20191129,por,+102,227
20191129,was,+100,20191129,lal,-110,235½
20200126,hou,+104,20200126,den,-114,226
20200126,tor,-106,20200126,sas,-104,220
20200126,lac,-103,20200126,orl,-107,217½
20200126,brk,+104,20200126,nyk,-115,219
20200126,pho,-112,20200126,mem,+102,229½
20200126,bos,-112,20200126,nop,+102,232½
20200126,was,-109,20200126,atl,-101,241½
20200126,ind,-107,20200126,por,-103,220½
20200109,cle,-110,20200109,det,-100,220½
20200109,bos,-103,20200109,phi,-107,218
20200109,por,-110,20200109,min,-101,225
20200109,hou,-105,20200109,okc,-105,227½
20200302,por,-110,20200302,orl,-101,219
20200302,uta,-106,20200302,cle,-104,222
20200302,hou,-105,20200302,nyk,-105,230½
20200302,mil,-108,20200302,mia,-102,227½
20200302,mem,+102,20200302,atl,-113,240½
20200302,dal,-111,20200302,chi,+101,219
20200302,ind,-101,20200302,sas,-109,219½
20200213,okc,+102,20200213,nop,-112,234
20200213,lac,-104,20200213,bos,-106,228
20200119,mia,-106,20200119,sas,-104,222½
20200119,ind,+102,20200119,den,-112,213½
20191116,brk,-103,20191116,chi,-107,225
20191116,mil,-104,20191116,ind,-106,221
20191116,cho,+102,20191116,nyk,-113,213
20191116,hou,-110,20191116,min,-100,230½
20191116,nop,-106,20191116,mia,-104,225½
20191116,por,-103,20191116,sas,-107,225½
20191116,tor,-113,20191116,dal,+103,217½
20191116,atl,-108,20191116,lac,-103,224½
20200101,orl,-111,20200101,was,+101,222
20200101,por,-105,20200101,nyk,-105,225½
20200101,min,-114,20200101,mil,+103,220½
20200101,pho,-106,20200101,lal,-104,225½
20200804,brk,+101,20200804,mil,-114,230
20200804,dal,-109,20200804,sac,-103,236
20200804,pho,-104,20200804,lac,-108,229½
20200804,orl,-102,20200804,ind,-110,224
20200804,bos,-111,20200804,mia,-101,218
20200804,hou,+101,20200804,por,-114,244½
20191211,bos,+100,20191211,ind,-110,212
20191211,lal,-106,20191211,orl,-104,211
20191211,lac,-105,20191211,tor,-105,222½
20191211,hou,-108,20191211,cle,-102,230½
20191211,cho,-104,20191211,brk,-106,216
20191211,atl,-105,20191211,chi,-105,220½
20191211,uta,-101,20191211,min,-109,220
20191211,mem,-100,20191211,pho,-110,230
20191211,nop,-111,20191211,mil,+100,232½
20191211,okc,-100,20191211,sac,-110,207½
20191211,nyk,-105,20191211,gsw,-105,211
20200301,mil,+103,20200301,cho,-114,218
20200301,phi,-103,20200301,lac,-107,219½
20200301,dal,-108,20200301,min,-102,242½
20200301,tor,-102,20200301,den,-109,220½
20200301,det,-103,20200301,sac,-107,214½
20200301,lal,-103,20200301,nop,-107,235½
20200301,was,-104,20200301,gsw,-106,233½
20191207,nop,+103,20191207,dal,-114,232
20191207,ind,+100,20191207,nyk,-110,209
20191207,cle,-104,20191207,phi,-106,215
20191207,pho,-102,20191207,hou,-108,240½
20191207,mem,-109,20191207,uta,-101,218
20200121,lac,-109,20200121,dal,-101,231½
20191202,pho,-114,20191202,cho,+103,222
20191202,uta,-115,20191202,phi,+104,208½
20191202,gsw,+101,20191202,atl,-111,223½
20191202,nyk,-110,20191202,mil,-101,221½
20191202,ind,-108,20191202,mem,-102,216½
20191202,chi,-103,20191202,sac,-107,212
20191104,det,-106,20191104,was,-104,225½
20191104,nop,-108,20191104,brk,-102,239½
20191104,hou,-105,20191104,mem,-105,230
20191104,mil,-110,20191104,min,-100,230
20191104,phi,-105,20191104,pho,-105,222½
20191104,por,-106,20191104,gsw,-104,220½
20200808,lac,-108,20200808,por,-104,232
20200808,uta,+100,20200808,den,-112,223
20200808,lal,-112,20200808,ind,-100,219
20200808,pho,+103,20200808,mia,-116,226
20200808,mil,+101,20200808,dal,-113,237
20200113,phi,-101,20200113,ind,-109,214
20200113,nop,-110,20200113,det,-101,221½
20200113,chi,-106,20200113,bos,-104,216½
20200113,okc,-112,20200113,min,+102,217½
20200113,orl,-107,20200113,sac,-104,211½
20200113,cho,-106,20200113,por,-104,215½
20200113,cle,-111,20200113,lal,+101,221
20200206,orl,-105,20200206,nyk,-105,208
20200206,nop,-100,20200206,chi,-110,231
20200206,phi,-105,20200206,mil,-105,229
20200206,sas,-108,20200206,por,-102,228
20200206,hou,-115,20200206,lal,+105,239½
20191105,bos,-104,20191105,cle,-106,217
20191105,ind,+102,20191105,cho,-112,213
20191105,sas,-114,20191105,atl,+103,222½
20191105,lal,-108,20191105,chi,-102,215
20191105,orl,-102,20191105,okc,-108,201½
20191105,mia,-103,20191105,den,-107,210½
20191210,was,-108,20191210,cho,-103,230
20191210,atl,-108,20191210,mia,-102,218
20191210,den,-101,20191210,phi,-109,208½
20191210,nyk,-115,20191210,por,+104,223
20191204,pho,-111,20191204,orl,+101,213½
20191204,mil,-104,20191204,det,-106,223
20191204,gsw,-102,20191204,cho,-108,214
20191204,brk,+103,20191204,atl,-114,227½
20191204,mia,-111,20191204,bos,+100,209
20191204,ind,-104,20191204,okc,-106,208½
20191204,mem,-105,20191204,chi,-105,223½
20191204,min,-101,20191204,dal,-109,228½
20191204,lal,+101,20191204,uta,-111,212½
20191204,sac,-109,20191204,por,-101,216
20200815,mem,-105,20200815,por,-105,229½
20191205,phi,+102,20191205,was,-113,233
20191205,hou,+101,20191205,tor,-111,230½
20191205,den,-104,20191205,nyk,-106,204
20191205,pho,+102,20191205,nop,-115,235½
20200123,was,-105,20200123,cle,-105,230½
20200123,lal,-115,20200123,brk,+104,231½
20200123,dal,-110,20200123,por,-100,227
20191109,bos,-109,20191109,sas,-102,218½
20191109,nop,-112,20191109,cho,+101,231½
20191109,dal,-104,20191109,mem,-106,222
20191109,gsw,-104,20191109,okc,-106,216½
20191109,hou,-104,20191109,chi,-106,233½
20200201,min,-105,20200201,lac,-105,230½
20200201,mia,-108,20200201,orl,-102,210½
20200201,nyk,-105,20200201,ind,-105,212½
20200201,brk,+101,20200201,was,-112,243½
20200201,gsw,-103,20200201,cle,-108,224
20200201,atl,-105,20200201,dal,-105,236
20200201,phi,-105,20200201,bos,-105,212
20200201,cho,-105,20200201,sas,-105,213½
20200201,lal,-105,20200201,sac,-105,226
20200201,uta,-105,20200201,por,-105,228
20200202,den,-110,20200202,det,-100,211½
20200202,nop,-109,20200202,hou,-101,250½
20200202,pho,-107,20200202,mil,-103,233½
20200202,chi,-103,20200202,tor,-107,216
20191220,sac,+101,20191220,ind,-112,209½
20191220,mem,-115,20191220,cle,+105,222½
20191220,was,-105,20191220,tor,-105,229½
20191220,det,-112,20191220,bos,+102,211
20191220,dal,-112,20191220,phi,+102,211½
20191220,nyk,-106,20191220,mia,-104,216½
20191220,pho,+103,20191220,okc,-114,224½
20191220,min,-104,20191220,den,-106,215½
20191220,orl,-105,20191220,por,-105,218½
20191220,nop,-102,20191220,gsw,-108,221½
20200220,mil,-108,20200220,det,-102,227
20200220,mia,-101,20200220,atl,-109,229½
20200220,cho,-103,20200220,chi,-107,210½
20200220,brk,-110,20200220,phi,-100,214
20200220,mem,-114,20200220,sac,+103,230
20200220,hou,-106,20200220,gsw,-104,233
20191120,nyk,-104,20191120,phi,-106,210
20191120,sas,-111,20191120,was,+100,237
20191120,cle,+101,20191120,mia,-111,213½
20191120,gsw,-106,20191120,dal,-104,215½
20191120,cho,-105,20191120,brk,-105,219
20191120,mil,-112,20191120,atl,+101,233
20191120,orl,-105,20191120,tor,-105,206
20191120,uta,+101,20191120,min,-111,223½
20191120,det,-110,20191120,chi,-101,222
20191120,hou,-101,20191120,den,-109,221½
20191120,bos,-100,20191120,lac,-110,217
20191212,phi,-105,20191212,bos,-105,212½
20191212,cle,-103,20191212,sas,-107,218½
20191212,dal,-100,20191212,det,-110,217
20191212,por,-105,20191212,den,-105,216½
20191028,chi,-102,20191028,nyk,-108,224½
20191028,ind,-113,20191028,det,+103,212½
20191028,phi,-104,20191028,atl,-106,221
20191028,orl,-108,20191028,tor,-102,208
20191028,gsw,-108,20191028,nop,-102,236
20191028,cle,-102,20191028,mil,-108,224
20191028,okc,-106,20191028,hou,-104,227½
20191028,por,-110,20191028,sas,+100,222½
20191028,uta,-108,20191028,pho,-102,213½
20191028,den,-103,20191028,sac,-107,217
20191028,cho,-108,20191028,lac,-102,228
20200803,tor,-104,20200803,mia,-108,221½
20200803,ind,-106,20200803,was,-106,227½
20200803,den,-101,20200803,okc,-111,219
20200803,mem,-110,20200803,nop,-102,236
20200803,sas,-101,20200803,phi,-111,227½
20200803,lal,-107,20200803,uta,-105,217
20200227,nyk,-105,20200227,phi,-105,210
20200227,por,+100,20200227,ind,-111,218½
20200227,sac,-105,20200227,okc,-105,220½
20200227,lal,-115,20200227,gsw,+105,220
20191106,nyk,-105,20191106,det,-105,206½
20191106,was,-110,20191106,ind,-101,227
20191106,gsw,-108,20191106,hou,-102,228½
20191106,chi,-105,20191106,atl,-105,221½
20191106,sac,-107,20191106,tor,-103,219
20191106,min,-105,20191106,mem,-105,224½
20191106,orl,-113,20191106,dal,+103,207½
20191106,phi,-101,20191106,uta,-109,209
20191106,mil,+104,20191106,lac,-115,228
20200306,atl,-103,20200306,was,-107,240
20200306,sas,-105,20200306,brk,-105,226
20200306,okc,-102,20200306,nyk,-108,216½
20200306,uta,-102,20200306,bos,-108,219
20200306,orl,-115,20200306,min,+105,233½
20200306,ind,-108,20200306,chi,-102,208
20200306,mia,+102,20200306,nop,-112,232
20200306,mem,-115,20200306,dal,+104,224½
20200306,por,-104,20200306,pho,-106,232½
20200306,mil,-111,20200306,lal,+101,228
20191124,dal,-105,20191124,hou,-105,230
20191124,sac,-105,20191124,was,-105,233½
20191124,brk,+101,20191124,nyk,-111,215½
20191124,pho,-105,20191124,den,-105,213½
20191124,nop,-111,20191124,lac,+101,232½
20191030,nyk,-103,20191030,orl,-107,209½
20191030,chi,-104,20191030,cle,-106,216½
20191030,min,-101,20191030,phi,-109,222
20191030,mil,-102,20191030,bos,-108,224½
20191030,ind,-107,20191030,brk,-103,220½
20191030,det,+100,20191030,tor,-111,214½
20191030,por,-109,20191030,okc,-101,221½
20191030,hou,-109,20191030,was,-101,233½
20191030,cho,+100,20191030,sac,-110,223
20191030,lac,-108,20191030,uta,-102,216½
20191030,pho,-106,20191030,gsw,-104,232½
20191121,por,-107,20191121,mil,-103,228½
20191121,nop,-109,20191121,pho,-101,234½
20200127,cle,+104,20200127,det,-115,214½
20200127,orl,+100,20200127,mia,-110,207½
20200127,sas,-105,20200127,chi,-105,213½
20200127,dal,-104,20200127,okc,-106,224
20200127,sac,+102,20200127,min,-113,224½
20200127,hou,-105,20200127,uta,-105,220½
20200205,pho,+100,20200205,det,-111,217½
20200205,ind,-105,20200205,tor,-105,216
20200205,gsw,-106,20200205,brk,-104,222
20200205,orl,-110,20200205,bos,-101,209½
20200205,cle,-115,20200205,okc,+104,221½
20200205,atl,-106,20200205,min,-104,239
20200205,mem,-110,20200205,dal,-100,225½
20200205,den,-113,20200205,uta,+102,215
20200205,mia,-108,20200205,lac,-103,224½
20191215,orl,-106,20191215,nop,-104,217
20191215,cho,-110,20191215,ind,-100,209½
20191215,lal,-106,20191215,atl,-104,229½
20191215,phi,-112,20191215,brk,+102,220
20191215,nyk,-100,20191215,den,-110,208½
20191215,sac,-109,20191215,gsw,-111,209½
20200801,mia,-109,20200801,den,-103,215
20200801,uta,-102,20200801,okc,-110,218½
20200801,nop,-105,20200801,lac,-107,232½
20200801,phi,-108,20200801,ind,-104,219
20200801,lal,-109,20200801,tor,-103,224
20191219,uta,-105,20191219,atl,-105,225
20191219,lal,-104,20191219,mil,-106,227
20191219,brk,-105,20191219,sas,-105,219½
20191219,hou,-113,20191219,lac,+102,235½
20191218,mia,-105,20191218,phi,-105,208½
20191218,chi,+101,20191218,was,-112,230
20191218,tor,-104,20191218,det,-106,217½
20191218,cho,-106,20191218,cle,-104,211
20191218,mem,-102,20191218,okc,-108,219½
20191218,nop,-106,20191218,min,-104,230½
20191218,orl,-102,20191218,den,-108,204½
20191218,bos,-112,20191218,dal,+101,216
20191218,gsw,-109,20191218,por,-101,221
20200105,nyk,-103,20200105,lac,-107,221
20200105,por,-103,20200105,mia,-107,215½
20200105,min,-102,20200105,cle,-108,218
20200105,mem,-110,20200105,pho,-100,235½
20200105,det,-104,20200105,lal,-106,220
20191022,nop,-109,20191022,tor,-101,229½
20191022,lal,-101,20191022,lac,-109,224
20200111,min,-103,20200111,hou,-107,232
20200111,nop,-107,20200111,bos,-103,223½
20200111,chi,+102,20200111,det,-112,215½
20200111,lal,-105,20200111,okc,-105,214½
20200111,phi,+101,20200111,dal,-111,222½
20200111,cle,-112,20200111,den,+102,216½
20200111,mil,-104,20200111,por,-106,232
20191208,den,-103,20191208,brk,-107,212
20191208,atl,+101,20191208,cho,-112,222½
20191208,tor,-111,20191208,phi,+101,214
20191208,chi,-110,20191208,mia,-101,209
20191208,lac,-111,20191208,was,+101,235
20191208,sac,-111,20191208,dal,+100,215
20191208,okc,-108,20191208,por,-102,223
20191208,min,-108,20191208,lal,-102,226½
20200221,dal,-101,20200221,orl,-110,221½
20200221,cle,-109,20200221,was,-101,237
20200221,ind,+104,20200221,nyk,-114,213
20200221,pho,+102,20200221,tor,-112,229
20200221,den,-104,20200221,okc,-106,216
20200221,bos,+104,20200221,min,-115,226½
20200221,sas,-102,20200221,uta,-108,223½
20200221,mem,-115,20200221,lal,+104,234
20200221,nop,-103,20200221,por,-108,239½
20191123,pho,-109,20191123,min,-101,234½
20191123,chi,-114,20191123,cho,+103,218½
20191123,orl,-102,20191123,ind,-108,201
20191123,sas,+100,20191123,nyk,-110,217
20191123,tor,-105,20191123,atl,-105,223½
20191123,mia,-106,20191123,phi,-104,210
20191123,por,-104,20191123,cle,-106,227½
20191123,lal,-103,20191123,mem,-107,225½
20191123,det,-106,20191123,mil,-104,226½
20191123,nop,-100,20191123,uta,-110,226½
20200124,mil,-111,20200124,cho,+100,219½
20200124,mem,+101,20200124,det,-112,231½
20200124,bos,-101,20200124,orl,-109,213
20200124,tor,-105,20200124,nyk,-105,218½
20200124,hou,-108,20200124,min,-102,234½
20200124,lac,-109,20200124,mia,-101,219½
20200124,sac,-104,20200124,chi,-106,217½
20200124,den,-104,20200124,nop,-106,229½
20200124,atl,-106,20200124,okc,-104,231
20200124,pho,-105,20200124,sas,-105,225½
20200124,ind,-108,20200124,gsw,-102,216½
20191107,bos,-114,20191107,cho,+104,214½
20191107,okc,-109,20191107,sas,-101,211½
20191107,mia,-104,20191107,pho,-106,220
20191107,por,-110,20191107,lac,-100,231
20191229,okc,-106,20191229,tor,-104,209½
20191229,sac,-108,20191229,den,-102,207½
20191229,cho,-102,20191229,mem,-108,219½
20191229,hou,+102,20191229,nop,-112,223½
20191229,dal,+103,20191229,lal,-114,224½
20200115,det,+104,20200115,bos,-114,218½
20200115,brk,+100,20200115,phi,-110,222
20200115,sas,-107,20200115,mia,-103,219½
20200115,was,-103,20200115,chi,-107,229½
20200115,ind,-102,20200115,min,-108,218½
20200115,tor,-105,20200115,okc,-105,212½
20200115,cho,-110,20200115,den,-101,209½
20200115,por,-105,20200115,hou,-105,236½
20200115,dal,-107,20200115,sac,-103,225½
20200115,orl,-104,20200115,lal,-107,209½
20191119,por,+103,20191119,nop,-114,232
20191119,gsw,+101,20191119,mem,-111,222
20191119,pho,-114,20191119,sac,+103,218½
20191119,okc,-103,20191119,lal,-107,209½
20200303,sas,-104,20200303,cho,-106,212
20200303,brk,-107,20200303,bos,-103,219½
20200303,lac,-105,20200303,okc,-105,228½
20200303,min,-112,20200303,nop,+101,246½
20200303,gsw,-101,20200303,den,-109,218½
20200303,tor,-103,20200303,pho,-107,225½
20200303,phi,-103,20200303,lal,-107,219
20200303,was,-105,20200303,sac,-105,235½
20200802,was,-105,20200802,brk,-107,230½
20200802,por,-110,20200802,bos,-102,228½
20200802,sas,-110,20200802,mem,-102,236
20200802,sac,-105,20200802,orl,-107,228½
20200802,mil,-112,20200802,hou,-101,243½
20200802,dal,-115,20200802,pho,+102,235
20200224,mil,-103,20200224,was,-107,243½
20200224,mia,-104,20200224,cle,-106,221½
20200224,atl,-107,20200224,phi,-103,227
20200224,orl,+102,20200224,brk,-113,213½
20200224,nyk,-110,20200224,hou,+100,224
20200224,min,-109,20200224,dal,-101,238½
20200224,pho,-105,20200224,uta,-105,224
20200224,mem,-110,20200224,lac,-101,235
20200212,det,-107,20200212,orl,-103,208½
20200212,atl,+104,20200212,cle,-114,234½
20200212,mil,-103,20200212,ind,-107,224
20200212,was,-106,20200212,nyk,-104,228½
20200212,tor,-107,20200212,brk,-103,224½
20200212,cho,-113,20200212,min,+103,224½
20200212,por,-108,20200212,mem,-102,235
20200212,sac,-106,20200212,dal,-104,226½
20200212,gsw,-102,20200212,pho,-108,227½
20200212,mia,-104,20200212,uta,-106,216½
20200212,lal,-103,20200212,den,-107,220½
20200811,brk,-107,20200811,orl,-105,225½
20200811,hou,+104,20200811,sas,-116,239½
20200811,pho,-110,20200811,phi,-102,227
20200811,bos,-104,20200811,mem,-108,229½
20200811,por,-101,20200811,dal,-111,240
20200811,mil,-106,20200811,was,-106,227½
20200811,nop,-106,20200811,sac,-106,235½
20200813,was,-104,20200813,bos,-108,225½
20200813,sac,-107,20200813,lal,-105,222½
20200813,mil,+101,20200813,mem,-114,231
20200813,dal,-102,20200813,pho,-110,238½
20200813,sas,-113,20200813,uta,+101,233½
20200813,por,-107,20200813,brk,-105,239½
20200813,nop,+101,20200813,orl,-113,227½
20191221,uta,-103,20191221,cho,-107,208½
20191221,atl,-111,20191221,brk,+100,231½
20191221,was,-112,20191221,phi,+102,227
20191221,chi,-109,20191221,det,-101,209
20191221,mil,-111,20191221,nyk,+101,227
20191221,sac,-110,20191221,mem,-100,221½
20191221,lac,-109,20191221,sas,-101,225½
20191221,hou,-113,20191221,pho,+103,234½
20191221,min,-101,20191221,por,-110,228
20191130,den,+100,20191130,sac,-111,205
20191130,ind,-100,20191130,phi,-110,207½
20191130,atl,-110,20191130,hou,-100,238
20191130,cho,-109,20191130,mil,-101,225
20200223,bos,-106,20200223,lal,-104,222½
20200223,min,-104,20200223,den,-106,222
20200223,ind,-114,20200223,tor,+103,219½
20200223,was,-112,20200223,chi,+102,229
20200223,sas,-102,20200223,okc,-108,222½
20200223,nop,+103,20200223,gsw,-114,238½
20200223,det,-103,20200223,por,-107,220½
20191024,atl,-110,20191024,det,-100,221½
20191024,mil,-102,20191024,hou,-108,231½
20191024,lac,-105,20191024,gsw,-105,229½
20191027,gsw,-106,20191027,okc,-104,223½
20191027,brk,+100,20191027,mem,-110,225
20191027,por,-101,20191027,dal,-109,219½
20191027,mia,-109,20191027,min,-101,224½
20191027,cho,-102,20191027,lal,+100,217
20200204,mil,-105,20200204,nop,-105,245
20200204,cho,-105,20200204,hou,-105,223½
20200204,por,-105,20200204,den,-105,225½
20200204,sas,-104,20200204,lal,-106,226½
20200207,dal,-105,20200207,was,-105,234
20200207,mem,-100,20200207,phi,-110,223½
20200207,atl,-111,20200207,bos,+101,225
20200207,tor,+102,20200207,ind,-113,218
20200207,det,-106,20200207,okc,-104,213½
20200207,hou,-112,20200207,pho,+102,234½
20200207,mia,-115,20200207,sac,+104,219½
20200207,por,-104,20200207,uta,-106,230½
20191031,mia,-107,20191031,atl,-103,214½
20191031,den,-106,20191031,nop,-104,224
20191031,sas,-105,20191031,lac,-105,229
20200128,gsw,-106,20200128,phi,-104,215
20200128,nyk,-102,20200128,cho,-108,209
20200128,nop,-107,20200128,cle,-103,231½
20200128,atl,-107,20200128,tor,-103,234½
20200128,was,-108,20200128,mil,-102,241
20200128,den,-107,20200128,mem,-103,223½
20200128,bos,-101,20200128,mia,-109,219
20200128,pho,-111,20200128,dal,+101,227½
20200210,brk,-101,20200210,ind,-109,217½
20200210,cho,-100,20200210,det,-110,206½
20200210,atl,-106,20200210,orl,-104,222½
20200210,min,-103,20200210,tor,-107,235½
20200210,sac,-110,20200210,mil,-100,229½
20200210,uta,-102,20200210,dal,-108,217½
20200210,sas,-104,20200210,den,-106,216
20200210,pho,-104,20200210,lal,-106,231½
20200210,mia,-106,20200210,gsw,-104,219½
20191228,mem,-109,20191228,den,-101,219½
20191228,ind,-105,20191228,nop,-105,217
20191228,tor,-106,20191228,bos,-104,217
20191228,phi,-103,20191228,mia,-107,214
20191228,cle,-103,20191228,min,-107,217½
20191228,brk,-100,20191228,hou,-110,235
20191228,atl,-107,20191228,chi,-103,216½
20191228,nyk,-112,20191228,was,+102,227½
20191228,dal,+101,20191228,gsw,-111,218
20191228,det,-102,20191228,sas,-109,221½
20191228,orl,-109,20191228,mil,-102,216½
20191228,pho,-101,20191228,sac,-109,217½
20191228,lal,-111,20191228,por,+101,223
20191228,uta,-111,20191228,lac,+100,221
20200112,mia,-100,20200112,nyk,-110,216½
20200112,uta,-102,20200112,was,-108,225½
20200112,sas,+101,20200112,tor,-111,220
20200112,atl,-105,20200112,brk,-105,226
20200112,gsw,-107,20200112,mem,-103,226
20200112,cho,-100,20200112,pho,-110,217
20200112,lac,-104,20200112,den,-106,221
20191214,sas,-103,20191214,pho,-107,220½
20191214,brk,-103,20191214,tor,-107,218½
20191214,was,-102,20191214,mem,-108,237½
20191214,lac,-108,20191214,chi,-102,214
20191214,cle,-104,20191214,mil,-106,223
20191214,mia,-104,20191214,dal,-106,216
20191214,okc,-104,20191214,den,-106,204
20191214,det,-105,20191214,hou,-105,225½
20200807,uta,-103,20200807,sas,-109,225½
20200807,okc,-106,20200807,mem,-106,221
20200807,sac,-109,20200807,brk,-103,232½
20200807,orl,-111,20200807,phi,-101,221½
20200807,was,-104,20200807,nop,-108,236
20200807,bos,-116,20200807,tor,+103,221½
20200122,sac,-103,20200122,det,-107,221½
20200122,okc,-107,20200122,orl,-103,210½
20200122,phi,-105,20200122,tor,-105,215½
20200122,lac,-108,20200122,atl,-102,228½
20200122,mem,-102,20200122,bos,-108,232½
20200122,was,-101,20200122,mia,-109,229½
20200122,lal,-114,20200122,nyk,+104,223
20200122,min,+102,20200122,chi,-113,219½
20200122,den,-103,20200122,hou,-107,227
20200122,ind,-111,20200122,pho,+101,221½
20200122,sas,+102,20200122,nop,-112,237
20200122,uta,-106,20200122,gsw,-104,220½
20191026,mia,-100,20191026,mil,-110,223
20191026,phi,+103,20191026,det,-113,214
20191026,orl,-106,20191026,atl,-104,216½
20191026,bos,-106,20191026,nyk,-104,218½
20191026,nop,-101,20191026,hou,-109,238½
20191026,ind,+101,20191026,cle,-111,213½
20191026,tor,-104,20191026,chi,-106,219½
20191026,was,-107,20191026,sas,-103,219½
20191026,sac,-112,20191026,uta,+102,221
20191026,lac,-104,20191026,pho,-106,225½
20200308,chi,-108,20200308,brk,-102,218½
20200308,lal,-102,20200308,lac,-108,226½
20200308,nop,-109,20200308,min,-101,248
20200308,okc,-102,20200308,bos,-108,218
20200308,mil,-114,20200308,pho,+103,228½
20200308,ind,-102,20200308,dal,-109,218½
20200308,mia,-104,20200308,was,-106,233
20200308,orl,-103,20200308,hou,-107,230
20200308,sas,+103,20200308,cle,-113,226½
20200308,det,-108,20200308,nyk,-102,210½
20200308,tor,-111,20200308,sac,+100,225½
20200731,orl,-100,20200731,brk,-112,210½
20200731,mem,-109,20200731,por,-103,224½
20200731,pho,-106,20200731,was,-106,224½
20200731,bos,-108,20200731,mil,-104,221
20200731,sac,-105,20200731,sas,-107,224
20200731,hou,-112,20200731,dal,-101,232½
20191111,min,-112,20191111,det,+102,223
20191111,mem,-112,20191111,sas,+102,224
20191111,dal,-113,20191111,bos,+103,220½
20191111,hou,-101,20191111,nop,-109,243
20191111,uta,-104,20191111,gsw,-107,211
20191111,tor,-105,20191111,lac,-105,221½
20191115,det,+101,20191115,cho,-111,220½
20191115,sas,-108,20191115,orl,-102,211½
20191115,was,-108,20191115,min,-102,239
20191115,uta,-105,20191115,mem,-105,215½
20191115,phi,+100,20191115,okc,-111,214
20191115,ind,-109,20191115,hou,-101,226
20191115,bos,-104,20191115,gsw,-106,223½
20191115,sac,-107,20191115,lal,-103,214
20200228,min,-107,20200228,orl,-103,233½
20200228,brk,-112,20200228,atl,+101,236½
20200228,cho,-104,20200228,tor,-106,214½
20200228,cle,-111,20200228,nop,+101,235½
20200228,dal,+103,20200228,mia,-114,228½
20200228,sac,-104,20200228,mem,-106,227
20200228,okc,-103,20200228,mil,-107,226½
20200228,was,-115,20200228,uta,+104,231½
20200228,det,-102,20200228,pho,-108,217½
20200228,den,-107,20200228,lac,-103,220½
20200129,chi,-111,20200129,ind,+101,214½
20200129,det,-104,20200129,brk,-106,225½
20200129,mem,+101,20200129,nyk,-111,222
20200129,uta,+104,20200129,sas,-114,222½
20200129,okc,-105,20200129,sac,-105,218½
20200129,hou,-113,20200129,por,+103,242½
20200107,por,+101,20200107,tor,-111,221½
20200107,det,+101,20200107,cle,-111,219½
20200107,okc,-108,20200107,brk,-102,217
20200107,min,+100,20200107,mem,-111,228½
20200107,sac,-109,20200107,pho,-101,226
20200107,nyk,-105,20200107,lal,-105,221½
20191102,nop,-103,20191102,okc,-107,228½
20191102,brk,-108,20191102,det,-102,223
20191102,den,-103,20191102,orl,-107,199½
20191102,min,-101,20191102,was,-109,229½
20191102,tor,+101,20191102,mil,-111,227
20191102,pho,-106,20191102,mem,-104,221½
20191102,cho,-104,20191102,gsw,-106,221
20191102,phi,-104,20191102,por,-106,224½
20191112,cle,-101,20191112,phi,-109,220
20191112,okc,-100,20191112,ind,-110,213
20191112,det,-115,20191112,mia,+105,214
20191112,nyk,+100,20191112,chi,-110,211½
20191112,atl,-104,20191112,den,-106,209½
20191112,lal,-103,20191112,pho,-107,221
20191112,brk,+101,20191112,uta,-111,220½
20191112,por,-110,20191112,sac,-101,223
20200305,den,-112,20200305,cho,+102,208
20200305,lac,-114,20200305,hou,+103,236
20200305,phi,-114,20200305,sac,+103,218½
20200305,tor,+101,20200305,gsw,-111,228½
20191108,cle,-103,20191108,was,-107,233
20191108,det,+100,20191108,ind,-110,209
20191108,mem,+100,20191108,orl,-110,209
20191108,sac,-105,20191108,atl,-105,226
20191108,gsw,-107,20191108,min,-103,228
20191108,tor,-107,20191108,nop,-103,233
20191108,nyk,-111,20191108,dal,+100,214½
20191108,mil,-107,20191108,uta,-103,217½
20191108,phi,+104,20191108,den,-114,212
20191108,brk,-109,20191108,por,-101,240½
20191108,mia,-107,20191108,lal,-103,218½
20200229,chi,-108,20200229,nyk,-102,213½
20200229,brk,-105,20200229,mia,-105,219½
20200229,por,-103,20200229,atl,-107,240
20200229,lal,-104,20200229,mem,-106,228½
20200229,ind,+100,20200229,cle,-110,215½
20200229,hou,-105,20200229,bos,-105,233
20200229,orl,+102,20200229,sas,-113,225
20200229,gsw,-105,20200229,pho,-105,221
20200222,sac,-113,20200222,lac,+103,231½
20200222,brk,-110,20200222,cho,+100,210
20200222,dal,-106,20200222,atl,-104,236½
20200222,pho,-102,20200222,chi,-108,222
20200222,cle,-108,20200222,mia,-102,222
20200222,phi,-100,20200222,mil,-110,227½
20200222,hou,-108,20200222,uta,-102,232
20200106,brk,-113,20200106,orl,+103,212
20200106,bos,+101,20200106,was,-111,224½
20200106,ind,-107,20200106,cho,-103,209½
20200106,okc,-110,20200106,phi,-100,209½
20200106,den,-104,20200106,atl,-106,224
20200106,uta,-104,20200106,nop,-106,222½
20200106,mil,-115,20200106,sas,+104,228½
20200106,chi,+101,20200106,dal,-111,218
20200106,gsw,+102,20200106,sac,-113,213½
20191023,det,-101,20191023,ind,-109,211½
20191023,chi,-115,20191023,cho,+104,216½
20191023,cle,-106,20191023,orl,-104,212
20191023,mem,-106,20191023,mia,-104,213½
20191023,bos,+100,20191023,phi,-111,215½
20191023,min,-109,20191023,brk,-101,229½
20191023,was,-113,20191023,dal,+102,220
20191023,nyk,-104,20191023,sas,-106,214½
20191023,okc,-104,20191023,uta,-106,221
20191023,sac,-110,20191023,pho,-100,232½
20191023,den,-108,20191023,por,-102,218
20200209,bos,-104,20200209,okc,-106,218½
20200209,mem,-112,20200209,was,+102,240½
20200209,nyk,-107,20200209,atl,-103,226½
20200209,chi,-114,20200209,phi,+104,212½
20200209,uta,-100,20200209,hou,-110,234½
20200209,lac,-103,20200209,cle,-108,231½
20200209,mia,-103,20200209,por,-107,226
20200208,mil,-102,20200208,orl,-108,221½
20200208,dal,-114,20200208,cho,+103,212
20200208,nyk,-105,20200208,det,-105,211
20200208,nop,-106,20200208,ind,-104,224½
20200208,brk,-113,20200208,tor,+102,218
20200208,lac,-115,20200208,min,+104,232½
20200208,lal,-111,20200208,gsw,+101,224½
20200208,den,-108,20200208,pho,-102,218
20200208,sas,-108,20200208,sac,-102,222½
20200120,det,-101,20200120,was,-109,232½
20200120,tor,-105,20200120,atl,-105,231
20200120,phi,+100,20200120,brk,-110,218
20200120,orl,-102,20200120,cho,-108,206
20200120,nop,-104,20200120,mem,-106,242½
20200120,nyk,-102,20200120,cle,-108,222
20200120,chi,-100,20200120,mil,-110,225½
20200120,okc,-110,20200120,hou,-100,230½
20200120,sac,+100,20200120,mia,-110,221
20200120,lal,-113,20200120,bos,+102,226½
20200120,den,-100,20200120,min,-110,221
20200120,sas,+102,20200120,pho,-112,230½
20200120,ind,-107,20200120,uta,-103,215½
20200120,gsw,-104,20200120,por,-106,222
20200806,nop,+101,20200806,sac,-114,235
20200806,ind,-105,20200806,pho,-107,227½
20200806,mia,-106,20200806,mil,-106,223½
20200806,lac,-105,20200806,dal,-108,231½
20200806,por,+101,20200806,den,-113,228½
20200806,lal,-109,20200806,hou,-104,227½
20191226,was,-112,20191226,det,+101,228½
20191226,nyk,-108,20191226,brk,-102,226½
20191226,sas,-107,20191226,dal,-103,226½
20191226,mem,+101,20191226,okc,-111,224
20191226,min,-101,20191226,sac,-109,220½
20191226,por,-115,20191226,uta,+105,221½
20200211,chi,-114,20200211,was,+103,230
20200211,lac,-105,20200211,phi,-105,227½
20200211,por,-102,20200211,nop,-108,243½
20200211,sas,+100,20200211,okc,-110,220
20200211,bos,-115,20200211,hou,+104,232½
20191223,tor,-113,20191223,ind,+102,210
20191223,chi,-102,20191223,orl,-109,206
20191223,phi,-104,20191223,det,-106,215
20191223,atl,-109,20191223,cle,-101,229½
20191223,was,-111,20191223,nyk,+100,227
20191223,uta,-109,20191223,mia,-101,213½
20191223,sas,-100,20191223,mem,-110,228½
20191223,den,-106,20191223,pho,-104,218½
20191223,nop,-107,20191223,por,-103,230
20191223,hou,+101,20191223,sac,-112,229
20191223,min,-104,20191223,gsw,-106,221
20191122,cho,-105,20191122,was,-105,234½
20191122,atl,-113,20191122,det,+102,226½
20191122,sac,+102,20191122,brk,-112,215
20191122,lal,-103,20191122,okc,-107,209½
20191122,mia,-108,20191122,chi,-102,216½
20191122,sas,-108,20191122,phi,-102,220
20191122,cle,-102,20191122,dal,-108,221½
20191122,bos,-105,20191122,den,-105,206
20191122,gsw,-106,20191122,uta,-104,209
20191122,hou,-112,20191122,lac,+102,226
20191209,lac,-101,20191209,ind,-110,217½
20191209,cle,-109,20191209,bos,-102,216
20191209,orl,-106,20191209,mil,-104,217½
20191209,tor,-114,20191209,chi,+104,214
20191209,det,-106,20191209,nop,-104,227
20191209,sac,-106,20191209,hou,-104,224½
20191209,okc,-102,20191209,uta,-108,206½
20191209,min,-101,20191209,pho,-109,233
20191209,mem,-108,20191209,gsw,-102,220
20191117,phi,+104,20191117,cle,-115,216
20191117,bos,+101,20191117,sac,-111,215
20191117,was,-106,20191117,orl,-104,226½
20191117,den,-106,20191117,mem,-104,215½
20191117,gsw,-109,20191117,nop,-101,225½
20191117,atl,-109,20191117,lal,-102,220½
20200118,lac,-105,20200118,nop,-105,236
20200118,mil,-107,20200118,brk,-103,236½
20200118,pho,-105,20200118,bos,-105,220½
20200118,det,-108,20200118,atl,-102,227½
20200118,phi,-103,20200118,nyk,-107,219
20200118,cle,-110,20200118,chi,-100,214½
20200118,tor,-105,20200118,min,-105,223½
20200118,lal,+102,20200118,hou,-112,235
20200118,orl,-111,20200118,gsw,+101,213½
20200118,por,-105,20200118,okc,-105,216
20200118,sac,-112,20200118,uta,+102,223
20200103,mia,-102,20200103,orl,-108,206½
20200103,atl,-106,20200103,bos,-104,224½
20200103,por,-114,20200103,was,+103,232
20200103,phi,-110,20200103,hou,-100,227½
20200103,nyk,+101,20200103,pho,-112,224½
20200103,nop,-112,20200103,lal,+101,225½
20200805,mem,+102,20200805,uta,-114,220
20200805,den,+102,20200805,sas,-115,227½
20200805,phi,-105,20200805,was,-107,227½
20200805,okc,-106,20200805,lal,-106,218
20200805,tor,-102,20200805,orl,-111,222
20200805,brk,-103,20200805,bos,-110,224½
20200108,was,+103,20200108,orl,-113,218½
20200108,mia,-103,20200108,ind,-107,210
20200108,tor,-104,20200108,cho,-106,207½
20200108,sas,+102,20200108,bos,-112,221
20200108,hou,-114,20200108,atl,+103,236½
20200108,den,-105,20200108,dal,-105,221½
20200108,chi,+101,20200108,nop,-111,225
20200108,nyk,-108,20200108,uta,-102,213½
20200108,mil,-109,20200108,gsw,-102,217½
20200307,hou,-102,20200307,cho,-109,220
20200307,uta,-103,20200307,det,-107,211
20200307,den,-101,20200307,cle,-109,220
20200307,atl,+102,20200307,mem,-113,235
20200307,phi,-100,20200307,gsw,-110,219½
20200307,sac,-104,20200307,por,-106,230½
20200226,brk,-103,20200226,was,-107,233½
20200226,phi,-107,20200226,cle,-103,216
20200226,nyk,-100,20200226,cho,-110,207½
20200226,min,-105,20200226,mia,-105,234½
20200226,orl,-108,20200226,atl,-102,230½
20200226,mem,-115,20200226,hou,+104,237½
20200226,dal,-110,20200226,sas,-101,232½
20200226,lac,-104,20200226,pho,-106,234
20200226,bos,-107,20200226,uta,-103,218
20200225,cho,-101,20200225,ind,-109,209
20200225,mil,-106,20200225,tor,-104,232½
20200225,okc,-104,20200225,chi,-106,219½
20200225,det,-107,20200225,den,-103,213
20200225,nop,-105,20200225,lal,-105,239½
20200225,bos,-100,20200225,por,-110,222
20200225,sac,-106,20200225,gsw,-104,222½
20200102,cho,-102,20200102,cle,-108,212
20200102,den,-106,20200102,ind,-104,208½
20200102,tor,-105,20200102,mia,-105,214½
20200102,uta,-105,20200102,chi,-105,209½
20200102,gsw,-112,20200102,min,+101,211½
20200102,brk,-108,20200102,dal,-102,223
20200102,okc,-109,20200102,sas,-101,216
20200102,mem,-112,20200102,sac,+102,223½
20200102,det,-105,20200102,lac,-105,223½
20191029,atl,-110,20191029,mia,-100,223
20191029,dal,-110,20191029,den,-101,212
20191029,mem,-104,20191029,lal,-106,215
20200131,tor,-104,20200131,det,-106,223
20200131,chi,-111,20200131,brk,+100,218
20200131,dal,-104,20200131,hou,-106,238
20200131,mem,-103,20200131,nop,-107,241½
20200131,okc,-103,20200131,pho,-108,223½
20200131,den,-106,20200131,mil,-104,224
20200131,por,-101,20200131,lal,-109,232½
20191101,cle,-105,20191101,ind,-105,214½
20191101,hou,-105,20191101,brk,-105,245
20191101,mil,-106,20191101,orl,-104,214
20191101,nyk,-105,20191101,bos,-105,212½
20191101,det,-107,20191101,chi,-103,215
20191101,lal,-115,20191101,dal,+104,217½
20191101,uta,-105,20191101,sac,-105,214½
20191101,sas,+104,20191101,gsw,-114,222½
